id,vertical,sector,macro_theme,problem_title,severity_score,urgency_score,frequency_score,opportunity_score,ai_fit_score,solution_direction
ecommerce--imposter_scam,E-commerce,shopping,fraud,Users cannot tell real E-commerce outreach from imposter scams,79,83,81,81,60,"Trust verification layer, message provenance, and outbound notice registry."
ecommerce--social_media_scam,E-commerce,shopping,fraud,Users get pulled from social feeds into fake E-commerce offers,76,84,86,81,55,"Link reputation, seller verification, and ad-to-checkout risk scoring."
ecommerce--deepfake_voice_fraud,E-commerce,shopping,fraud,Users are vulnerable to deepfake or voice-clone fraud in E-commerce,80,90,68,81,49,"Out-of-band verification, secure callback flows, and synthetic-media detection."
ecommerce--phishing_login_flow,E-commerce,shopping,identity,Users are tricked into phishing flows that mimic official E-commerce login pages,81,94,75,83,54,"Phishing-resistant authentication, origin validation, and login anomaly detection."
ecommerce--job_opportunity_trap,E-commerce,shopping,fraud,Users chasing E-commerce opportunities fall into fake jobs or business offers,74,89,73,79,57,"Listing verification, recruiter proofing, and payout-safe workflows."
ecommerce--rental_listing_fraud,E-commerce,shopping,fraud,Users searching E-commerce listings cannot tell fake inventory from real supply,73,76,67,74,53,"Listing authenticity scoring, owner proof, and anti-escrow fraud protections."
ecommerce--investment_scam,E-commerce,shopping,fraud,Users are lured into fake E-commerce investment or yield schemes,82,88,63,79,46,"Investment verification rails, high-risk claim detection, and suspicious transfer intervention."
ecommerce--seller_trust_gap,E-commerce,shopping,marketplace,Users do not trust whether a E-commerce seller or provider is real,71,79,79,78,62,"Seller trust graphs, transaction guarantees, and identity-backed reputation."
ecommerce--fake_reviews,E-commerce,shopping,trust,"Users cannot trust reviews, ratings, or testimonials in E-commerce",66,72,82,74,67,"Review authenticity, verified outcomes, and anomaly-based reputation scoring."
ecommerce--delivery_confusion,E-commerce,shopping,operations,Users struggle to understand real delivery status in E-commerce,64,72,81,73,70,"Verified status feeds, exception alerts, and unified tracking UX."
ecommerce--refund_delay,E-commerce,shopping,payments,Users cannot predict when E-commerce refunds will actually arrive,67,70,77,73,72,"Refund timelines, bank-status translation, and self-serve refund intelligence."
ecommerce--billing_confusion,E-commerce,shopping,payments,"Users do not understand E-commerce charges, renewals, or fee structure",69,73,80,76,74,"Explainable billing, charge provenance, and proactive anomaly notices."
ecommerce--subscription_cancellation,E-commerce,shopping,payments,Users cannot cancel or downgrade E-commerce subscriptions cleanly,63,69,75,69,68,"Transparent offboarding, downgrade alternatives, and friction analytics."
ecommerce--account_takeover,E-commerce,shopping,identity,Users lose access to E-commerce accounts through takeover or session theft,79,90,70,81,65,"Session risk scoring, recovery hardening, and impossible-travel style anomaly controls."
ecommerce--password_reset_pain,E-commerce,shopping,identity,Users hit dead ends in E-commerce password reset and recovery flows,61,72,78,72,70,"Adaptive recovery routing, identity proofing, and state-aware help flows."
ecommerce--otp_mfa_fatigue,E-commerce,shopping,identity,Users in E-commerce face OTP and MFA fatigue without feeling truly protected,66,69,68,70,63,"Phishing-resistant auth, prompt abuse detection, and human-readable risk cues."
ecommerce--support_wait_time,E-commerce,shopping,support,Users cannot reach useful human support quickly in E-commerce,68,71,83,76,75,"Intent-aware routing, better escalation triggers, and queue transparency."
ecommerce--self_service_failure,E-commerce,shopping,support,Users try self-service in E-commerce but still end up stuck,65,71,84,75,81,"Resolution-focused knowledge design, step validation, and failure-loop analytics."
ecommerce--ai_handoff_gap,E-commerce,shopping,support,Users in E-commerce get trapped between AI help and human help,67,78,76,76,86,"Conversation memory, escalation contracts, and bot-to-human state transfer."
ecommerce--feedback_void,E-commerce,shopping,support,Users report problems in E-commerce but feel nothing changes,58,65,72,67,66,Closed-loop feedback orchestration and action-trace dashboards.
ecommerce--privacy_transparency_gap,E-commerce,shopping,privacy,Users do not understand how E-commerce uses personal data,62,62,74,69,67,"Plain-language data notices, purpose-level controls, and permission history."
ecommerce--onboarding_dropoff,E-commerce,shopping,conversion,Users abandon E-commerce onboarding before seeing value,60,65,81,72,73,"Risk-adaptive onboarding, progressive profiling, and abandonment analytics."
ecommerce--checkout_abandonment,E-commerce,shopping,conversion,Users in E-commerce abandon checkout when trust or cost changes too late,66,72,79,76,71,"Transparent checkout, pre-verified totals, and trust-state messaging."
ecommerce--hidden_fees,E-commerce,shopping,payments,Users discover hidden or confusing fees in E-commerce too late,64,71,73,71,66,"Price breakdowns, fee explainers, and cost-delta warnings."
ecommerce--official_channel_confusion,E-commerce,shopping,trust,Users cannot tell which E-commerce channels are official and safe,75,88,75,79,58,"Official-channel registries, signed notifications, and trust-verification UX."
ecommerce--knowledge_fragmentation,E-commerce,shopping,support,"Users in E-commerce get contradictory answers across help content, AI, and agents",61,63,71,68,79,"Unified knowledge graph, answer verification, and source-aware support systems."
ecommerce--identity_proofing_friction,E-commerce,shopping,identity,Legitimate users in E-commerce fail identity proofing while fraudsters still slip through,71,75,65,74,69,"Adaptive proofing, low-friction trust signals, and fallback recovery lanes."
marketplace--imposter_scam,Online Marketplace,shopping,fraud,Users cannot tell real Online Marketplace outreach from imposter scams,82,83,83,83,62,"Trust verification layer, message provenance, and outbound notice registry."
marketplace--social_media_scam,Online Marketplace,shopping,fraud,Users get pulled from social feeds into fake Online Marketplace offers,80,84,88,83,57,"Link reputation, seller verification, and ad-to-checkout risk scoring."
marketplace--deepfake_voice_fraud,Online Marketplace,shopping,fraud,Users are vulnerable to deepfake or voice-clone fraud in Online Marketplace,83,90,70,83,50,"Out-of-band verification, secure callback flows, and synthetic-media detection."
marketplace--phishing_login_flow,Online Marketplace,shopping,identity,Users are tricked into phishing flows that mimic official Online Marketplace login pages,84,94,77,85,55,"Phishing-resistant authentication, origin validation, and login anomaly detection."
marketplace--job_opportunity_trap,Online Marketplace,shopping,fraud,Users chasing Online Marketplace opportunities fall into fake jobs or business offers,77,89,75,80,59,"Listing verification, recruiter proofing, and payout-safe workflows."
marketplace--rental_listing_fraud,Online Marketplace,shopping,fraud,Users searching Online Marketplace listings cannot tell fake inventory from real supply,76,76,69,75,54,"Listing authenticity scoring, owner proof, and anti-escrow fraud protections."
marketplace--investment_scam,Online Marketplace,shopping,fraud,Users are lured into fake Online Marketplace investment or yield schemes,86,88,64,81,48,"Investment verification rails, high-risk claim detection, and suspicious transfer intervention."
marketplace--seller_trust_gap,Online Marketplace,shopping,marketplace,Users do not trust whether a Online Marketplace seller or provider is real,74,79,81,79,64,"Seller trust graphs, transaction guarantees, and identity-backed reputation."
marketplace--fake_reviews,Online Marketplace,shopping,trust,"Users cannot trust reviews, ratings, or testimonials in Online Marketplace",68,72,84,75,69,"Review authenticity, verified outcomes, and anomaly-based reputation scoring."
marketplace--delivery_confusion,Online Marketplace,shopping,operations,Users struggle to understand real delivery status in Online Marketplace,66,72,83,74,73,"Verified status feeds, exception alerts, and unified tracking UX."
marketplace--refund_delay,Online Marketplace,shopping,payments,Users cannot predict when Online Marketplace refunds will actually arrive,70,70,79,75,75,"Refund timelines, bank-status translation, and self-serve refund intelligence."
marketplace--billing_confusion,Online Marketplace,shopping,payments,"Users do not understand Online Marketplace charges, renewals, or fee structure",72,73,82,77,77,"Explainable billing, charge provenance, and proactive anomaly notices."
marketplace--subscription_cancellation,Online Marketplace,shopping,payments,Users cannot cancel or downgrade Online Marketplace subscriptions cleanly,66,69,77,71,70,"Transparent offboarding, downgrade alternatives, and friction analytics."
marketplace--account_takeover,Online Marketplace,shopping,identity,Users lose access to Online Marketplace accounts through takeover or session theft,82,90,72,83,67,"Session risk scoring, recovery hardening, and impossible-travel style anomaly controls."
marketplace--password_reset_pain,Online Marketplace,shopping,identity,Users hit dead ends in Online Marketplace password reset and recovery flows,64,72,80,73,72,"Adaptive recovery routing, identity proofing, and state-aware help flows."
marketplace--otp_mfa_fatigue,Online Marketplace,shopping,identity,Users in Online Marketplace face OTP and MFA fatigue without feeling truly protected,69,69,70,71,65,"Phishing-resistant auth, prompt abuse detection, and human-readable risk cues."
marketplace--support_wait_time,Online Marketplace,shopping,support,Users cannot reach useful human support quickly in Online Marketplace,71,71,85,77,78,"Intent-aware routing, better escalation triggers, and queue transparency."
marketplace--self_service_failure,Online Marketplace,shopping,support,Users try self-service in Online Marketplace but still end up stuck,67,71,86,76,83,"Resolution-focused knowledge design, step validation, and failure-loop analytics."
marketplace--ai_handoff_gap,Online Marketplace,shopping,support,Users in Online Marketplace get trapped between AI help and human help,70,78,78,77,89,"Conversation memory, escalation contracts, and bot-to-human state transfer."
marketplace--feedback_void,Online Marketplace,shopping,support,Users report problems in Online Marketplace but feel nothing changes,60,65,74,68,68,Closed-loop feedback orchestration and action-trace dashboards.
marketplace--privacy_transparency_gap,Online Marketplace,shopping,privacy,Users do not understand how Online Marketplace uses personal data,65,62,76,70,69,"Plain-language data notices, purpose-level controls, and permission history."
marketplace--onboarding_dropoff,Online Marketplace,shopping,conversion,Users abandon Online Marketplace onboarding before seeing value,63,65,83,73,76,"Risk-adaptive onboarding, progressive profiling, and abandonment analytics."
marketplace--checkout_abandonment,Online Marketplace,shopping,conversion,Users in Online Marketplace abandon checkout when trust or cost changes too late,68,72,81,77,74,"Transparent checkout, pre-verified totals, and trust-state messaging."
marketplace--hidden_fees,Online Marketplace,shopping,payments,Users discover hidden or confusing fees in Online Marketplace too late,66,71,75,72,68,"Price breakdowns, fee explainers, and cost-delta warnings."
marketplace--official_channel_confusion,Online Marketplace,shopping,trust,Users cannot tell which Online Marketplace channels are official and safe,78,88,77,81,60,"Official-channel registries, signed notifications, and trust-verification UX."
marketplace--knowledge_fragmentation,Online Marketplace,shopping,support,"Users in Online Marketplace get contradictory answers across help content, AI, and agents",64,63,73,69,81,"Unified knowledge graph, answer verification, and source-aware support systems."
marketplace--identity_proofing_friction,Online Marketplace,shopping,identity,Legitimate users in Online Marketplace fail identity proofing while fraudsters still slip through,74,75,67,76,71,"Adaptive proofing, low-friction trust signals, and fallback recovery lanes."
social_commerce--imposter_scam,Social Commerce,shopping,fraud,Users cannot tell real Social Commerce outreach from imposter scams,86,83,85,84,64,"Trust verification layer, message provenance, and outbound notice registry."
social_commerce--social_media_scam,Social Commerce,shopping,fraud,Users get pulled from social feeds into fake Social Commerce offers,83,84,90,84,59,"Link reputation, seller verification, and ad-to-checkout risk scoring."
social_commerce--deepfake_voice_fraud,Social Commerce,shopping,fraud,Users are vulnerable to deepfake or voice-clone fraud in Social Commerce,86,90,72,84,52,"Out-of-band verification, secure callback flows, and synthetic-media detection."
social_commerce--phishing_login_flow,Social Commerce,shopping,identity,Users are tricked into phishing flows that mimic official Social Commerce login pages,87,94,79,86,57,"Phishing-resistant authentication, origin validation, and login anomaly detection."
social_commerce--job_opportunity_trap,Social Commerce,shopping,fraud,Users chasing Social Commerce opportunities fall into fake jobs or business offers,80,89,77,82,61,"Listing verification, recruiter proofing, and payout-safe workflows."
social_commerce--rental_listing_fraud,Social Commerce,shopping,fraud,Users searching Social Commerce listings cannot tell fake inventory from real supply,79,76,71,76,56,"Listing authenticity scoring, owner proof, and anti-escrow fraud protections."
social_commerce--investment_scam,Social Commerce,shopping,fraud,Users are lured into fake Social Commerce investment or yield schemes,89,88,66,82,49,"Investment verification rails, high-risk claim detection, and suspicious transfer intervention."
social_commerce--seller_trust_gap,Social Commerce,shopping,marketplace,Users do not trust whether a Social Commerce seller or provider is real,76,79,83,80,66,"Seller trust graphs, transaction guarantees, and identity-backed reputation."
social_commerce--fake_reviews,Social Commerce,shopping,trust,"Users cannot trust reviews, ratings, or testimonials in Social Commerce",71,72,86,77,71,"Review authenticity, verified outcomes, and anomaly-based reputation scoring."
social_commerce--delivery_confusion,Social Commerce,shopping,operations,Users struggle to understand real delivery status in Social Commerce,69,72,85,75,75,"Verified status feeds, exception alerts, and unified tracking UX."
social_commerce--refund_delay,Social Commerce,shopping,payments,Users cannot predict when Social Commerce refunds will actually arrive,73,70,81,76,77,"Refund timelines, bank-status translation, and self-serve refund intelligence."
social_commerce--billing_confusion,Social Commerce,shopping,payments,"Users do not understand Social Commerce charges, renewals, or fee structure",75,73,84,78,79,"Explainable billing, charge provenance, and proactive anomaly notices."
social_commerce--subscription_cancellation,Social Commerce,shopping,payments,Users cannot cancel or downgrade Social Commerce subscriptions cleanly,68,69,80,72,72,"Transparent offboarding, downgrade alternatives, and friction analytics."
social_commerce--account_takeover,Social Commerce,shopping,identity,Users lose access to Social Commerce accounts through takeover or session theft,86,90,74,85,69,"Session risk scoring, recovery hardening, and impossible-travel style anomaly controls."
social_commerce--password_reset_pain,Social Commerce,shopping,identity,Users hit dead ends in Social Commerce password reset and recovery flows,66,72,82,74,74,"Adaptive recovery routing, identity proofing, and state-aware help flows."
social_commerce--otp_mfa_fatigue,Social Commerce,shopping,identity,Users in Social Commerce face OTP and MFA fatigue without feeling truly protected,72,69,72,73,67,"Phishing-resistant auth, prompt abuse detection, and human-readable risk cues."
social_commerce--support_wait_time,Social Commerce,shopping,support,Users cannot reach useful human support quickly in Social Commerce,74,71,87,78,80,"Intent-aware routing, better escalation triggers, and queue transparency."
social_commerce--self_service_failure,Social Commerce,shopping,support,Users try self-service in Social Commerce but still end up stuck,70,71,88,77,86,"Resolution-focused knowledge design, step validation, and failure-loop analytics."
social_commerce--ai_handoff_gap,Social Commerce,shopping,support,Users in Social Commerce get trapped between AI help and human help,73,78,81,79,92,"Conversation memory, escalation contracts, and bot-to-human state transfer."
social_commerce--feedback_void,Social Commerce,shopping,support,Users report problems in Social Commerce but feel nothing changes,63,65,76,69,70,Closed-loop feedback orchestration and action-trace dashboards.
social_commerce--privacy_transparency_gap,Social Commerce,shopping,privacy,Users do not understand how Social Commerce uses personal data,67,62,78,72,71,"Plain-language data notices, purpose-level controls, and permission history."
social_commerce--onboarding_dropoff,Social Commerce,shopping,conversion,Users abandon Social Commerce onboarding before seeing value,66,65,85,75,78,"Risk-adaptive onboarding, progressive profiling, and abandonment analytics."
social_commerce--checkout_abandonment,Social Commerce,shopping,conversion,Users in Social Commerce abandon checkout when trust or cost changes too late,71,72,83,78,76,"Transparent checkout, pre-verified totals, and trust-state messaging."
social_commerce--hidden_fees,Social Commerce,shopping,payments,Users discover hidden or confusing fees in Social Commerce too late,69,71,77,74,70,"Price breakdowns, fee explainers, and cost-delta warnings."
social_commerce--official_channel_confusion,Social Commerce,shopping,trust,Users cannot tell which Social Commerce channels are official and safe,81,88,80,82,62,"Official-channel registries, signed notifications, and trust-verification UX."
social_commerce--knowledge_fragmentation,Social Commerce,shopping,support,"Users in Social Commerce get contradictory answers across help content, AI, and agents",66,63,75,70,84,"Unified knowledge graph, answer verification, and source-aware support systems."
social_commerce--identity_proofing_friction,Social Commerce,shopping,identity,Legitimate users in Social Commerce fail identity proofing while fraudsters still slip through,77,75,69,77,73,"Adaptive proofing, low-friction trust signals, and fallback recovery lanes."
banking--imposter_scam,Banking,finance,fraud,Users cannot tell real Banking outreach from imposter scams,89,83,88,86,60,"Trust verification layer, message provenance, and outbound notice registry."
banking--social_media_scam,Banking,finance,fraud,Users get pulled from social feeds into fake Banking offers,86,84,93,86,55,"Link reputation, seller verification, and ad-to-checkout risk scoring."
banking--deepfake_voice_fraud,Banking,finance,fraud,Users are vulnerable to deepfake or voice-clone fraud in Banking,90,90,74,86,49,"Out-of-band verification, secure callback flows, and synthetic-media detection."
banking--phishing_login_flow,Banking,finance,identity,Users are tricked into phishing flows that mimic official Banking login pages,91,94,81,88,54,"Phishing-resistant authentication, origin validation, and login anomaly detection."
banking--job_opportunity_trap,Banking,finance,fraud,Users chasing Banking opportunities fall into fake jobs or business offers,83,89,79,83,57,"Listing verification, recruiter proofing, and payout-safe workflows."
banking--rental_listing_fraud,Banking,finance,fraud,Users searching Banking listings cannot tell fake inventory from real supply,82,76,73,78,53,"Listing authenticity scoring, owner proof, and anti-escrow fraud protections."
banking--investment_scam,Banking,finance,fraud,Users are lured into fake Banking investment or yield schemes,93,88,68,84,46,"Investment verification rails, high-risk claim detection, and suspicious transfer intervention."
banking--seller_trust_gap,Banking,finance,marketplace,Users do not trust whether a Banking seller or provider is real,79,79,86,82,62,"Seller trust graphs, transaction guarantees, and identity-backed reputation."
banking--fake_reviews,Banking,finance,trust,"Users cannot trust reviews, ratings, or testimonials in Banking",74,72,89,78,67,"Review authenticity, verified outcomes, and anomaly-based reputation scoring."
banking--delivery_confusion,Banking,finance,operations,Users struggle to understand real delivery status in Banking,72,72,88,77,70,"Verified status feeds, exception alerts, and unified tracking UX."
banking--refund_delay,Banking,finance,payments,Users cannot predict when Banking refunds will actually arrive,76,70,84,78,72,"Refund timelines, bank-status translation, and self-serve refund intelligence."
banking--billing_confusion,Banking,finance,payments,"Users do not understand Banking charges, renewals, or fee structure",77,73,87,80,74,"Explainable billing, charge provenance, and proactive anomaly notices."
banking--subscription_cancellation,Banking,finance,payments,Users cannot cancel or downgrade Banking subscriptions cleanly,71,69,82,73,68,"Transparent offboarding, downgrade alternatives, and friction analytics."
banking--account_takeover,Banking,finance,identity,Users lose access to Banking accounts through takeover or session theft,89,90,76,86,65,"Session risk scoring, recovery hardening, and impossible-travel style anomaly controls."
banking--password_reset_pain,Banking,finance,identity,Users hit dead ends in Banking password reset and recovery flows,69,72,85,76,70,"Adaptive recovery routing, identity proofing, and state-aware help flows."
banking--otp_mfa_fatigue,Banking,finance,identity,Users in Banking face OTP and MFA fatigue without feeling truly protected,75,69,74,74,63,"Phishing-resistant auth, prompt abuse detection, and human-readable risk cues."
banking--support_wait_time,Banking,finance,support,Users cannot reach useful human support quickly in Banking,77,71,90,80,75,"Intent-aware routing, better escalation triggers, and queue transparency."
banking--self_service_failure,Banking,finance,support,Users try self-service in Banking but still end up stuck,73,71,91,79,81,"Resolution-focused knowledge design, step validation, and failure-loop analytics."
banking--ai_handoff_gap,Banking,finance,support,Users in Banking get trapped between AI help and human help,76,78,83,80,86,"Conversation memory, escalation contracts, and bot-to-human state transfer."
banking--feedback_void,Banking,finance,support,Users report problems in Banking but feel nothing changes,65,65,78,70,66,Closed-loop feedback orchestration and action-trace dashboards.
banking--privacy_transparency_gap,Banking,finance,privacy,Users do not understand how Banking uses personal data,70,62,80,73,67,"Plain-language data notices, purpose-level controls, and permission history."
banking--onboarding_dropoff,Banking,finance,conversion,Users abandon Banking onboarding before seeing value,68,65,88,76,73,"Risk-adaptive onboarding, progressive profiling, and abandonment analytics."
banking--checkout_abandonment,Banking,finance,conversion,Users in Banking abandon checkout when trust or cost changes too late,74,72,86,80,71,"Transparent checkout, pre-verified totals, and trust-state messaging."
banking--hidden_fees,Banking,finance,payments,Users discover hidden or confusing fees in Banking too late,72,71,79,75,66,"Price breakdowns, fee explainers, and cost-delta warnings."
banking--official_channel_confusion,Banking,finance,trust,Users cannot tell which Banking channels are official and safe,84,88,82,84,58,"Official-channel registries, signed notifications, and trust-verification UX."
banking--knowledge_fragmentation,Banking,finance,support,"Users in Banking get contradictory answers across help content, AI, and agents",69,63,77,72,79,"Unified knowledge graph, answer verification, and source-aware support systems."
banking--identity_proofing_friction,Banking,finance,identity,Legitimate users in Banking fail identity proofing while fraudsters still slip through,80,75,71,78,69,"Adaptive proofing, low-friction trust signals, and fallback recovery lanes."
fintech--imposter_scam,Fintech,finance,fraud,Users cannot tell real Fintech outreach from imposter scams,92,83,81,86,62,"Trust verification layer, message provenance, and outbound notice registry."
fintech--social_media_scam,Fintech,finance,fraud,Users get pulled from social feeds into fake Fintech offers,89,84,86,86,57,"Link reputation, seller verification, and ad-to-checkout risk scoring."
fintech--deepfake_voice_fraud,Fintech,finance,fraud,Users are vulnerable to deepfake or voice-clone fraud in Fintech,93,90,68,86,50,"Out-of-band verification, secure callback flows, and synthetic-media detection."
fintech--phishing_login_flow,Fintech,finance,identity,Users are tricked into phishing flows that mimic official Fintech login pages,94,94,75,88,55,"Phishing-resistant authentication, origin validation, and login anomaly detection."
fintech--job_opportunity_trap,Fintech,finance,fraud,Users chasing Fintech opportunities fall into fake jobs or business offers,86,89,73,83,59,"Listing verification, recruiter proofing, and payout-safe workflows."
fintech--rental_listing_fraud,Fintech,finance,fraud,Users searching Fintech listings cannot tell fake inventory from real supply,85,76,67,78,54,"Listing authenticity scoring, owner proof, and anti-escrow fraud protections."
fintech--investment_scam,Fintech,finance,fraud,Users are lured into fake Fintech investment or yield schemes,96,88,63,84,48,"Investment verification rails, high-risk claim detection, and suspicious transfer intervention."
fintech--seller_trust_gap,Fintech,finance,marketplace,Users do not trust whether a Fintech seller or provider is real,82,79,79,81,64,"Seller trust graphs, transaction guarantees, and identity-backed reputation."
fintech--fake_reviews,Fintech,finance,trust,"Users cannot trust reviews, ratings, or testimonials in Fintech",76,72,82,78,69,"Review authenticity, verified outcomes, and anomaly-based reputation scoring."
fintech--delivery_confusion,Fintech,finance,operations,Users struggle to understand real delivery status in Fintech,74,72,81,76,73,"Verified status feeds, exception alerts, and unified tracking UX."
fintech--refund_delay,Fintech,finance,payments,Users cannot predict when Fintech refunds will actually arrive,78,70,77,77,75,"Refund timelines, bank-status translation, and self-serve refund intelligence."
fintech--billing_confusion,Fintech,finance,payments,"Users do not understand Fintech charges, renewals, or fee structure",80,73,80,79,77,"Explainable billing, charge provenance, and proactive anomaly notices."
fintech--subscription_cancellation,Fintech,finance,payments,Users cannot cancel or downgrade Fintech subscriptions cleanly,74,69,75,73,70,"Transparent offboarding, downgrade alternatives, and friction analytics."
fintech--account_takeover,Fintech,finance,identity,Users lose access to Fintech accounts through takeover or session theft,92,90,70,86,67,"Session risk scoring, recovery hardening, and impossible-travel style anomaly controls."
fintech--password_reset_pain,Fintech,finance,identity,Users hit dead ends in Fintech password reset and recovery flows,72,72,78,75,72,"Adaptive recovery routing, identity proofing, and state-aware help flows."
fintech--otp_mfa_fatigue,Fintech,finance,identity,Users in Fintech face OTP and MFA fatigue without feeling truly protected,77,69,68,74,65,"Phishing-resistant auth, prompt abuse detection, and human-readable risk cues."
fintech--support_wait_time,Fintech,finance,support,Users cannot reach useful human support quickly in Fintech,79,71,83,79,78,"Intent-aware routing, better escalation triggers, and queue transparency."
fintech--self_service_failure,Fintech,finance,support,Users try self-service in Fintech but still end up stuck,75,71,84,78,83,"Resolution-focused knowledge design, step validation, and failure-loop analytics."
fintech--ai_handoff_gap,Fintech,finance,support,Users in Fintech get trapped between AI help and human help,78,78,76,80,89,"Conversation memory, escalation contracts, and bot-to-human state transfer."
fintech--feedback_void,Fintech,finance,support,Users report problems in Fintech but feel nothing changes,68,65,72,70,68,Closed-loop feedback orchestration and action-trace dashboards.
fintech--privacy_transparency_gap,Fintech,finance,privacy,Users do not understand how Fintech uses personal data,73,62,74,73,69,"Plain-language data notices, purpose-level controls, and permission history."
fintech--onboarding_dropoff,Fintech,finance,conversion,Users abandon Fintech onboarding before seeing value,71,65,81,76,76,"Risk-adaptive onboarding, progressive profiling, and abandonment analytics."
fintech--checkout_abandonment,Fintech,finance,conversion,Users in Fintech abandon checkout when trust or cost changes too late,76,72,79,79,74,"Transparent checkout, pre-verified totals, and trust-state messaging."
fintech--hidden_fees,Fintech,finance,payments,Users discover hidden or confusing fees in Fintech too late,74,71,73,75,68,"Price breakdowns, fee explainers, and cost-delta warnings."
fintech--official_channel_confusion,Fintech,finance,trust,Users cannot tell which Fintech channels are official and safe,87,88,75,83,60,"Official-channel registries, signed notifications, and trust-verification UX."
fintech--knowledge_fragmentation,Fintech,finance,support,"Users in Fintech get contradictory answers across help content, AI, and agents",72,63,71,71,81,"Unified knowledge graph, answer verification, and source-aware support systems."
fintech--identity_proofing_friction,Fintech,finance,identity,Legitimate users in Fintech fail identity proofing while fraudsters still slip through,83,75,65,78,71,"Adaptive proofing, low-friction trust signals, and fallback recovery lanes."
insurance--imposter_scam,Insurance,finance,fraud,Users cannot tell real Insurance outreach from imposter scams,95,83,83,87,64,"Trust verification layer, message provenance, and outbound notice registry."
insurance--social_media_scam,Insurance,finance,fraud,Users get pulled from social feeds into fake Insurance offers,92,84,88,87,59,"Link reputation, seller verification, and ad-to-checkout risk scoring."
insurance--deepfake_voice_fraud,Insurance,finance,fraud,Users are vulnerable to deepfake or voice-clone fraud in Insurance,96,90,70,87,52,"Out-of-band verification, secure callback flows, and synthetic-media detection."
insurance--phishing_login_flow,Insurance,finance,identity,Users are tricked into phishing flows that mimic official Insurance login pages,97,94,77,89,57,"Phishing-resistant authentication, origin validation, and login anomaly detection."
insurance--job_opportunity_trap,Insurance,finance,fraud,Users chasing Insurance opportunities fall into fake jobs or business offers,89,89,75,84,61,"Listing verification, recruiter proofing, and payout-safe workflows."
insurance--rental_listing_fraud,Insurance,finance,fraud,Users searching Insurance listings cannot tell fake inventory from real supply,88,76,69,79,56,"Listing authenticity scoring, owner proof, and anti-escrow fraud protections."
insurance--investment_scam,Insurance,finance,fraud,Users are lured into fake Insurance investment or yield schemes,99,88,64,85,49,"Investment verification rails, high-risk claim detection, and suspicious transfer intervention."
insurance--seller_trust_gap,Insurance,finance,marketplace,Users do not trust whether a Insurance seller or provider is real,85,79,81,83,66,"Seller trust graphs, transaction guarantees, and identity-backed reputation."
insurance--fake_reviews,Insurance,finance,trust,"Users cannot trust reviews, ratings, or testimonials in Insurance",79,72,84,79,71,"Review authenticity, verified outcomes, and anomaly-based reputation scoring."
insurance--delivery_confusion,Insurance,finance,operations,Users struggle to understand real delivery status in Insurance,77,72,83,78,75,"Verified status feeds, exception alerts, and unified tracking UX."
insurance--refund_delay,Insurance,finance,payments,Users cannot predict when Insurance refunds will actually arrive,81,70,79,79,77,"Refund timelines, bank-status translation, and self-serve refund intelligence."
insurance--billing_confusion,Insurance,finance,payments,"Users do not understand Insurance charges, renewals, or fee structure",83,73,82,81,79,"Explainable billing, charge provenance, and proactive anomaly notices."
insurance--subscription_cancellation,Insurance,finance,payments,Users cannot cancel or downgrade Insurance subscriptions cleanly,76,69,77,74,72,"Transparent offboarding, downgrade alternatives, and friction analytics."
insurance--account_takeover,Insurance,finance,identity,Users lose access to Insurance accounts through takeover or session theft,95,90,72,87,69,"Session risk scoring, recovery hardening, and impossible-travel style anomaly controls."
insurance--password_reset_pain,Insurance,finance,identity,Users hit dead ends in Insurance password reset and recovery flows,74,72,80,76,74,"Adaptive recovery routing, identity proofing, and state-aware help flows."
insurance--otp_mfa_fatigue,Insurance,finance,identity,Users in Insurance face OTP and MFA fatigue without feeling truly protected,80,69,70,75,67,"Phishing-resistant auth, prompt abuse detection, and human-readable risk cues."
insurance--support_wait_time,Insurance,finance,support,Users cannot reach useful human support quickly in Insurance,82,71,85,81,80,"Intent-aware routing, better escalation triggers, and queue transparency."
insurance--self_service_failure,Insurance,finance,support,Users try self-service in Insurance but still end up stuck,78,71,86,79,86,"Resolution-focused knowledge design, step validation, and failure-loop analytics."
insurance--ai_handoff_gap,Insurance,finance,support,Users in Insurance get trapped between AI help and human help,81,78,78,81,92,"Conversation memory, escalation contracts, and bot-to-human state transfer."
insurance--feedback_void,Insurance,finance,support,Users report problems in Insurance but feel nothing changes,70,65,74,71,70,Closed-loop feedback orchestration and action-trace dashboards.
insurance--privacy_transparency_gap,Insurance,finance,privacy,Users do not understand how Insurance uses personal data,75,62,76,74,71,"Plain-language data notices, purpose-level controls, and permission history."
insurance--onboarding_dropoff,Insurance,finance,conversion,Users abandon Insurance onboarding before seeing value,73,65,83,77,78,"Risk-adaptive onboarding, progressive profiling, and abandonment analytics."
insurance--checkout_abandonment,Insurance,finance,conversion,Users in Insurance abandon checkout when trust or cost changes too late,79,72,81,81,76,"Transparent checkout, pre-verified totals, and trust-state messaging."
insurance--hidden_fees,Insurance,finance,payments,Users discover hidden or confusing fees in Insurance too late,77,71,75,76,70,"Price breakdowns, fee explainers, and cost-delta warnings."
insurance--official_channel_confusion,Insurance,finance,trust,Users cannot tell which Insurance channels are official and safe,90,88,77,85,62,"Official-channel registries, signed notifications, and trust-verification UX."
insurance--knowledge_fragmentation,Insurance,finance,support,"Users in Insurance get contradictory answers across help content, AI, and agents",74,63,73,72,84,"Unified knowledge graph, answer verification, and source-aware support systems."
insurance--identity_proofing_friction,Insurance,finance,identity,Legitimate users in Insurance fail identity proofing while fraudsters still slip through,86,75,67,80,73,"Adaptive proofing, low-friction trust signals, and fallback recovery lanes."
crypto--imposter_scam,Crypto Exchange,finance,fraud,Users cannot tell real Crypto Exchange outreach from imposter scams,99,83,85,89,60,"Trust verification layer, message provenance, and outbound notice registry."
crypto--social_media_scam,Crypto Exchange,finance,fraud,Users get pulled from social feeds into fake Crypto Exchange offers,96,84,90,89,55,"Link reputation, seller verification, and ad-to-checkout risk scoring."
crypto--deepfake_voice_fraud,Crypto Exchange,finance,fraud,Users are vulnerable to deepfake or voice-clone fraud in Crypto Exchange,100,90,72,89,49,"Out-of-band verification, secure callback flows, and synthetic-media detection."
crypto--phishing_login_flow,Crypto Exchange,finance,identity,Users are tricked into phishing flows that mimic official Crypto Exchange login pages,100,94,79,91,54,"Phishing-resistant authentication, origin validation, and login anomaly detection."
crypto--job_opportunity_trap,Crypto Exchange,finance,fraud,Users chasing Crypto Exchange opportunities fall into fake jobs or business offers,92,89,77,86,57,"Listing verification, recruiter proofing, and payout-safe workflows."
crypto--rental_listing_fraud,Crypto Exchange,finance,fraud,Users searching Crypto Exchange listings cannot tell fake inventory from real supply,91,76,71,81,53,"Listing authenticity scoring, owner proof, and anti-escrow fraud protections."
crypto--investment_scam,Crypto Exchange,finance,fraud,Users are lured into fake Crypto Exchange investment or yield schemes,100,88,66,86,46,"Investment verification rails, high-risk claim detection, and suspicious transfer intervention."
crypto--seller_trust_gap,Crypto Exchange,finance,marketplace,Users do not trust whether a Crypto Exchange seller or provider is real,88,79,83,84,62,"Seller trust graphs, transaction guarantees, and identity-backed reputation."
crypto--fake_reviews,Crypto Exchange,finance,trust,"Users cannot trust reviews, ratings, or testimonials in Crypto Exchange",82,72,86,80,67,"Review authenticity, verified outcomes, and anomaly-based reputation scoring."
crypto--delivery_confusion,Crypto Exchange,finance,operations,Users struggle to understand real delivery status in Crypto Exchange,80,72,85,79,70,"Verified status feeds, exception alerts, and unified tracking UX."
crypto--refund_delay,Crypto Exchange,finance,payments,Users cannot predict when Crypto Exchange refunds will actually arrive,84,70,81,80,72,"Refund timelines, bank-status translation, and self-serve refund intelligence."
crypto--billing_confusion,Crypto Exchange,finance,payments,"Users do not understand Crypto Exchange charges, renewals, or fee structure",86,73,84,82,74,"Explainable billing, charge provenance, and proactive anomaly notices."
crypto--subscription_cancellation,Crypto Exchange,finance,payments,Users cannot cancel or downgrade Crypto Exchange subscriptions cleanly,79,69,80,76,68,"Transparent offboarding, downgrade alternatives, and friction analytics."
crypto--account_takeover,Crypto Exchange,finance,identity,Users lose access to Crypto Exchange accounts through takeover or session theft,99,90,74,89,65,"Session risk scoring, recovery hardening, and impossible-travel style anomaly controls."
crypto--password_reset_pain,Crypto Exchange,finance,identity,Users hit dead ends in Crypto Exchange password reset and recovery flows,77,72,82,78,70,"Adaptive recovery routing, identity proofing, and state-aware help flows."
crypto--otp_mfa_fatigue,Crypto Exchange,finance,identity,Users in Crypto Exchange face OTP and MFA fatigue without feeling truly protected,83,69,72,76,63,"Phishing-resistant auth, prompt abuse detection, and human-readable risk cues."
crypto--support_wait_time,Crypto Exchange,finance,support,Users cannot reach useful human support quickly in Crypto Exchange,85,71,87,82,75,"Intent-aware routing, better escalation triggers, and queue transparency."
crypto--self_service_failure,Crypto Exchange,finance,support,Users try self-service in Crypto Exchange but still end up stuck,81,71,88,81,81,"Resolution-focused knowledge design, step validation, and failure-loop analytics."
crypto--ai_handoff_gap,Crypto Exchange,finance,support,Users in Crypto Exchange get trapped between AI help and human help,84,78,81,83,86,"Conversation memory, escalation contracts, and bot-to-human state transfer."
crypto--feedback_void,Crypto Exchange,finance,support,Users report problems in Crypto Exchange but feel nothing changes,72,65,76,72,66,Closed-loop feedback orchestration and action-trace dashboards.
crypto--privacy_transparency_gap,Crypto Exchange,finance,privacy,Users do not understand how Crypto Exchange uses personal data,78,62,78,75,67,"Plain-language data notices, purpose-level controls, and permission history."
crypto--onboarding_dropoff,Crypto Exchange,finance,conversion,Users abandon Crypto Exchange onboarding before seeing value,76,65,85,78,73,"Risk-adaptive onboarding, progressive profiling, and abandonment analytics."
crypto--checkout_abandonment,Crypto Exchange,finance,conversion,Users in Crypto Exchange abandon checkout when trust or cost changes too late,82,72,83,82,71,"Transparent checkout, pre-verified totals, and trust-state messaging."
crypto--hidden_fees,Crypto Exchange,finance,payments,Users discover hidden or confusing fees in Crypto Exchange too late,80,71,77,78,66,"Price breakdowns, fee explainers, and cost-delta warnings."
crypto--official_channel_confusion,Crypto Exchange,finance,trust,Users cannot tell which Crypto Exchange channels are official and safe,93,88,80,86,58,"Official-channel registries, signed notifications, and trust-verification UX."
crypto--knowledge_fragmentation,Crypto Exchange,finance,support,"Users in Crypto Exchange get contradictory answers across help content, AI, and agents",77,63,75,74,79,"Unified knowledge graph, answer verification, and source-aware support systems."
crypto--identity_proofing_friction,Crypto Exchange,finance,identity,Legitimate users in Crypto Exchange fail identity proofing while fraudsters still slip through,89,75,69,81,69,"Adaptive proofing, low-friction trust signals, and fallback recovery lanes."
payments--imposter_scam,Payments,finance,fraud,Users cannot tell real Payments outreach from imposter scams,79,83,88,83,62,"Trust verification layer, message provenance, and outbound notice registry."
payments--social_media_scam,Payments,finance,fraud,Users get pulled from social feeds into fake Payments offers,76,84,93,83,57,"Link reputation, seller verification, and ad-to-checkout risk scoring."
payments--deepfake_voice_fraud,Payments,finance,fraud,Users are vulnerable to deepfake or voice-clone fraud in Payments,80,90,74,82,50,"Out-of-band verification, secure callback flows, and synthetic-media detection."
payments--phishing_login_flow,Payments,finance,identity,Users are tricked into phishing flows that mimic official Payments login pages,81,94,81,85,55,"Phishing-resistant authentication, origin validation, and login anomaly detection."
payments--job_opportunity_trap,Payments,finance,fraud,Users chasing Payments opportunities fall into fake jobs or business offers,74,89,79,80,59,"Listing verification, recruiter proofing, and payout-safe workflows."
payments--rental_listing_fraud,Payments,finance,fraud,Users searching Payments listings cannot tell fake inventory from real supply,73,76,73,75,54,"Listing authenticity scoring, owner proof, and anti-escrow fraud protections."
payments--investment_scam,Payments,finance,fraud,Users are lured into fake Payments investment or yield schemes,82,88,68,80,48,"Investment verification rails, high-risk claim detection, and suspicious transfer intervention."
payments--seller_trust_gap,Payments,finance,marketplace,Users do not trust whether a Payments seller or provider is real,71,79,86,79,64,"Seller trust graphs, transaction guarantees, and identity-backed reputation."
payments--fake_reviews,Payments,finance,trust,"Users cannot trust reviews, ratings, or testimonials in Payments",66,72,89,76,69,"Review authenticity, verified outcomes, and anomaly-based reputation scoring."
payments--delivery_confusion,Payments,finance,operations,Users struggle to understand real delivery status in Payments,64,72,88,74,73,"Verified status feeds, exception alerts, and unified tracking UX."
payments--refund_delay,Payments,finance,payments,Users cannot predict when Payments refunds will actually arrive,67,70,84,75,75,"Refund timelines, bank-status translation, and self-serve refund intelligence."
payments--billing_confusion,Payments,finance,payments,"Users do not understand Payments charges, renewals, or fee structure",69,73,87,77,77,"Explainable billing, charge provenance, and proactive anomaly notices."
payments--subscription_cancellation,Payments,finance,payments,Users cannot cancel or downgrade Payments subscriptions cleanly,63,69,82,71,70,"Transparent offboarding, downgrade alternatives, and friction analytics."
payments--account_takeover,Payments,finance,identity,Users lose access to Payments accounts through takeover or session theft,79,90,76,83,67,"Session risk scoring, recovery hardening, and impossible-travel style anomaly controls."
payments--password_reset_pain,Payments,finance,identity,Users hit dead ends in Payments password reset and recovery flows,61,72,85,73,72,"Adaptive recovery routing, identity proofing, and state-aware help flows."
payments--otp_mfa_fatigue,Payments,finance,identity,Users in Payments face OTP and MFA fatigue without feeling truly protected,66,69,74,71,65,"Phishing-resistant auth, prompt abuse detection, and human-readable risk cues."
payments--support_wait_time,Payments,finance,support,Users cannot reach useful human support quickly in Payments,68,71,90,77,78,"Intent-aware routing, better escalation triggers, and queue transparency."
payments--self_service_failure,Payments,finance,support,Users try self-service in Payments but still end up stuck,65,71,91,76,83,"Resolution-focused knowledge design, step validation, and failure-loop analytics."
payments--ai_handoff_gap,Payments,finance,support,Users in Payments get trapped between AI help and human help,67,78,83,77,89,"Conversation memory, escalation contracts, and bot-to-human state transfer."
payments--feedback_void,Payments,finance,support,Users report problems in Payments but feel nothing changes,58,65,78,68,68,Closed-loop feedback orchestration and action-trace dashboards.
payments--privacy_transparency_gap,Payments,finance,privacy,Users do not understand how Payments uses personal data,62,62,80,70,69,"Plain-language data notices, purpose-level controls, and permission history."
payments--onboarding_dropoff,Payments,finance,conversion,Users abandon Payments onboarding before seeing value,60,65,88,73,76,"Risk-adaptive onboarding, progressive profiling, and abandonment analytics."
payments--checkout_abandonment,Payments,finance,conversion,Users in Payments abandon checkout when trust or cost changes too late,66,72,86,77,74,"Transparent checkout, pre-verified totals, and trust-state messaging."
payments--hidden_fees,Payments,finance,payments,Users discover hidden or confusing fees in Payments too late,64,71,79,73,68,"Price breakdowns, fee explainers, and cost-delta warnings."
payments--official_channel_confusion,Payments,finance,trust,Users cannot tell which Payments channels are official and safe,75,88,82,81,60,"Official-channel registries, signed notifications, and trust-verification UX."
payments--knowledge_fragmentation,Payments,finance,support,"Users in Payments get contradictory answers across help content, AI, and agents",61,63,77,69,81,"Unified knowledge graph, answer verification, and source-aware support systems."
payments--identity_proofing_friction,Payments,finance,identity,Legitimate users in Payments fail identity proofing while fraudsters still slip through,71,75,71,75,71,"Adaptive proofing, low-friction trust signals, and fallback recovery lanes."
healthcare--imposter_scam,Healthcare,health,fraud,Users cannot tell real Healthcare outreach from imposter scams,82,83,81,82,64,"Trust verification layer, message provenance, and outbound notice registry."
healthcare--social_media_scam,Healthcare,health,fraud,Users get pulled from social feeds into fake Healthcare offers,80,84,86,83,59,"Link reputation, seller verification, and ad-to-checkout risk scoring."
healthcare--deepfake_voice_fraud,Healthcare,health,fraud,Users are vulnerable to deepfake or voice-clone fraud in Healthcare,83,90,68,82,52,"Out-of-band verification, secure callback flows, and synthetic-media detection."
healthcare--phishing_login_flow,Healthcare,health,identity,Users are tricked into phishing flows that mimic official Healthcare login pages,84,94,75,84,57,"Phishing-resistant authentication, origin validation, and login anomaly detection."
healthcare--job_opportunity_trap,Healthcare,health,fraud,Users chasing Healthcare opportunities fall into fake jobs or business offers,77,89,73,80,61,"Listing verification, recruiter proofing, and payout-safe workflows."
healthcare--rental_listing_fraud,Healthcare,health,fraud,Users searching Healthcare listings cannot tell fake inventory from real supply,76,76,67,75,56,"Listing authenticity scoring, owner proof, and anti-escrow fraud protections."
healthcare--investment_scam,Healthcare,health,fraud,Users are lured into fake Healthcare investment or yield schemes,86,88,63,80,49,"Investment verification rails, high-risk claim detection, and suspicious transfer intervention."
healthcare--seller_trust_gap,Healthcare,health,marketplace,Users do not trust whether a Healthcare seller or provider is real,74,79,79,79,66,"Seller trust graphs, transaction guarantees, and identity-backed reputation."
healthcare--fake_reviews,Healthcare,health,trust,"Users cannot trust reviews, ratings, or testimonials in Healthcare",68,72,82,75,71,"Review authenticity, verified outcomes, and anomaly-based reputation scoring."
healthcare--delivery_confusion,Healthcare,health,operations,Users struggle to understand real delivery status in Healthcare,66,72,81,73,75,"Verified status feeds, exception alerts, and unified tracking UX."
healthcare--refund_delay,Healthcare,health,payments,Users cannot predict when Healthcare refunds will actually arrive,70,70,77,74,77,"Refund timelines, bank-status translation, and self-serve refund intelligence."
healthcare--billing_confusion,Healthcare,health,payments,"Users do not understand Healthcare charges, renewals, or fee structure",72,73,80,77,79,"Explainable billing, charge provenance, and proactive anomaly notices."
healthcare--subscription_cancellation,Healthcare,health,payments,Users cannot cancel or downgrade Healthcare subscriptions cleanly,66,69,75,70,72,"Transparent offboarding, downgrade alternatives, and friction analytics."
healthcare--account_takeover,Healthcare,health,identity,Users lose access to Healthcare accounts through takeover or session theft,82,90,70,82,69,"Session risk scoring, recovery hardening, and impossible-travel style anomaly controls."
healthcare--password_reset_pain,Healthcare,health,identity,Users hit dead ends in Healthcare password reset and recovery flows,64,72,78,73,74,"Adaptive recovery routing, identity proofing, and state-aware help flows."
healthcare--otp_mfa_fatigue,Healthcare,health,identity,Users in Healthcare face OTP and MFA fatigue without feeling truly protected,69,69,68,71,67,"Phishing-resistant auth, prompt abuse detection, and human-readable risk cues."
healthcare--support_wait_time,Healthcare,health,support,Users cannot reach useful human support quickly in Healthcare,71,71,83,77,80,"Intent-aware routing, better escalation triggers, and queue transparency."
healthcare--self_service_failure,Healthcare,health,support,Users try self-service in Healthcare but still end up stuck,67,71,84,75,86,"Resolution-focused knowledge design, step validation, and failure-loop analytics."
healthcare--ai_handoff_gap,Healthcare,health,support,Users in Healthcare get trapped between AI help and human help,70,78,76,77,92,"Conversation memory, escalation contracts, and bot-to-human state transfer."
healthcare--feedback_void,Healthcare,health,support,Users report problems in Healthcare but feel nothing changes,60,65,72,67,70,Closed-loop feedback orchestration and action-trace dashboards.
healthcare--privacy_transparency_gap,Healthcare,health,privacy,Users do not understand how Healthcare uses personal data,65,62,74,70,71,"Plain-language data notices, purpose-level controls, and permission history."
healthcare--onboarding_dropoff,Healthcare,health,conversion,Users abandon Healthcare onboarding before seeing value,63,65,81,73,78,"Risk-adaptive onboarding, progressive profiling, and abandonment analytics."
healthcare--checkout_abandonment,Healthcare,health,conversion,Users in Healthcare abandon checkout when trust or cost changes too late,68,72,79,76,76,"Transparent checkout, pre-verified totals, and trust-state messaging."
healthcare--hidden_fees,Healthcare,health,payments,Users discover hidden or confusing fees in Healthcare too late,66,71,73,72,70,"Price breakdowns, fee explainers, and cost-delta warnings."
healthcare--official_channel_confusion,Healthcare,health,trust,Users cannot tell which Healthcare channels are official and safe,78,88,75,80,62,"Official-channel registries, signed notifications, and trust-verification UX."
healthcare--knowledge_fragmentation,Healthcare,health,support,"Users in Healthcare get contradictory answers across help content, AI, and agents",64,63,71,69,84,"Unified knowledge graph, answer verification, and source-aware support systems."
healthcare--identity_proofing_friction,Healthcare,health,identity,Legitimate users in Healthcare fail identity proofing while fraudsters still slip through,74,75,65,75,73,"Adaptive proofing, low-friction trust signals, and fallback recovery lanes."
telehealth--imposter_scam,Telehealth,health,fraud,Users cannot tell real Telehealth outreach from imposter scams,86,83,83,84,60,"Trust verification layer, message provenance, and outbound notice registry."
telehealth--social_media_scam,Telehealth,health,fraud,Users get pulled from social feeds into fake Telehealth offers,83,84,88,84,55,"Link reputation, seller verification, and ad-to-checkout risk scoring."
telehealth--deepfake_voice_fraud,Telehealth,health,fraud,Users are vulnerable to deepfake or voice-clone fraud in Telehealth,86,90,70,84,49,"Out-of-band verification, secure callback flows, and synthetic-media detection."
telehealth--phishing_login_flow,Telehealth,health,identity,Users are tricked into phishing flows that mimic official Telehealth login pages,87,94,77,86,54,"Phishing-resistant authentication, origin validation, and login anomaly detection."
telehealth--job_opportunity_trap,Telehealth,health,fraud,Users chasing Telehealth opportunities fall into fake jobs or business offers,80,89,75,81,57,"Listing verification, recruiter proofing, and payout-safe workflows."
telehealth--rental_listing_fraud,Telehealth,health,fraud,Users searching Telehealth listings cannot tell fake inventory from real supply,79,76,69,76,53,"Listing authenticity scoring, owner proof, and anti-escrow fraud protections."
telehealth--investment_scam,Telehealth,health,fraud,Users are lured into fake Telehealth investment or yield schemes,89,88,64,82,46,"Investment verification rails, high-risk claim detection, and suspicious transfer intervention."
telehealth--seller_trust_gap,Telehealth,health,marketplace,Users do not trust whether a Telehealth seller or provider is real,76,79,81,80,62,"Seller trust graphs, transaction guarantees, and identity-backed reputation."
telehealth--fake_reviews,Telehealth,health,trust,"Users cannot trust reviews, ratings, or testimonials in Telehealth",71,72,84,76,67,"Review authenticity, verified outcomes, and anomaly-based reputation scoring."
telehealth--delivery_confusion,Telehealth,health,operations,Users struggle to understand real delivery status in Telehealth,69,72,83,75,70,"Verified status feeds, exception alerts, and unified tracking UX."
telehealth--refund_delay,Telehealth,health,payments,Users cannot predict when Telehealth refunds will actually arrive,73,70,79,76,72,"Refund timelines, bank-status translation, and self-serve refund intelligence."
telehealth--billing_confusion,Telehealth,health,payments,"Users do not understand Telehealth charges, renewals, or fee structure",75,73,82,78,74,"Explainable billing, charge provenance, and proactive anomaly notices."
telehealth--subscription_cancellation,Telehealth,health,payments,Users cannot cancel or downgrade Telehealth subscriptions cleanly,68,69,77,71,68,"Transparent offboarding, downgrade alternatives, and friction analytics."
telehealth--account_takeover,Telehealth,health,identity,Users lose access to Telehealth accounts through takeover or session theft,86,90,72,84,65,"Session risk scoring, recovery hardening, and impossible-travel style anomaly controls."
telehealth--password_reset_pain,Telehealth,health,identity,Users hit dead ends in Telehealth password reset and recovery flows,66,72,80,74,70,"Adaptive recovery routing, identity proofing, and state-aware help flows."
telehealth--otp_mfa_fatigue,Telehealth,health,identity,Users in Telehealth face OTP and MFA fatigue without feeling truly protected,72,69,70,72,63,"Phishing-resistant auth, prompt abuse detection, and human-readable risk cues."
telehealth--support_wait_time,Telehealth,health,support,Users cannot reach useful human support quickly in Telehealth,74,71,85,78,75,"Intent-aware routing, better escalation triggers, and queue transparency."
telehealth--self_service_failure,Telehealth,health,support,Users try self-service in Telehealth but still end up stuck,70,71,86,77,81,"Resolution-focused knowledge design, step validation, and failure-loop analytics."
telehealth--ai_handoff_gap,Telehealth,health,support,Users in Telehealth get trapped between AI help and human help,73,78,78,78,86,"Conversation memory, escalation contracts, and bot-to-human state transfer."
telehealth--feedback_void,Telehealth,health,support,Users report problems in Telehealth but feel nothing changes,63,65,74,69,66,Closed-loop feedback orchestration and action-trace dashboards.
telehealth--privacy_transparency_gap,Telehealth,health,privacy,Users do not understand how Telehealth uses personal data,67,62,76,71,67,"Plain-language data notices, purpose-level controls, and permission history."
telehealth--onboarding_dropoff,Telehealth,health,conversion,Users abandon Telehealth onboarding before seeing value,66,65,83,74,73,"Risk-adaptive onboarding, progressive profiling, and abandonment analytics."
telehealth--checkout_abandonment,Telehealth,health,conversion,Users in Telehealth abandon checkout when trust or cost changes too late,71,72,81,78,71,"Transparent checkout, pre-verified totals, and trust-state messaging."
telehealth--hidden_fees,Telehealth,health,payments,Users discover hidden or confusing fees in Telehealth too late,69,71,75,73,66,"Price breakdowns, fee explainers, and cost-delta warnings."
telehealth--official_channel_confusion,Telehealth,health,trust,Users cannot tell which Telehealth channels are official and safe,81,88,77,82,58,"Official-channel registries, signed notifications, and trust-verification UX."
telehealth--knowledge_fragmentation,Telehealth,health,support,"Users in Telehealth get contradictory answers across help content, AI, and agents",66,63,73,70,79,"Unified knowledge graph, answer verification, and source-aware support systems."
telehealth--identity_proofing_friction,Telehealth,health,identity,Legitimate users in Telehealth fail identity proofing while fraudsters still slip through,77,75,67,77,69,"Adaptive proofing, low-friction trust signals, and fallback recovery lanes."
pharmacy--imposter_scam,Pharmacy,health,fraud,Users cannot tell real Pharmacy outreach from imposter scams,89,83,85,85,62,"Trust verification layer, message provenance, and outbound notice registry."
pharmacy--social_media_scam,Pharmacy,health,fraud,Users get pulled from social feeds into fake Pharmacy offers,86,84,90,85,57,"Link reputation, seller verification, and ad-to-checkout risk scoring."
pharmacy--deepfake_voice_fraud,Pharmacy,health,fraud,Users are vulnerable to deepfake or voice-clone fraud in Pharmacy,90,90,72,85,50,"Out-of-band verification, secure callback flows, and synthetic-media detection."
pharmacy--phishing_login_flow,Pharmacy,health,identity,Users are tricked into phishing flows that mimic official Pharmacy login pages,91,94,79,88,55,"Phishing-resistant authentication, origin validation, and login anomaly detection."
pharmacy--job_opportunity_trap,Pharmacy,health,fraud,Users chasing Pharmacy opportunities fall into fake jobs or business offers,83,89,77,83,59,"Listing verification, recruiter proofing, and payout-safe workflows."
pharmacy--rental_listing_fraud,Pharmacy,health,fraud,Users searching Pharmacy listings cannot tell fake inventory from real supply,82,76,71,78,54,"Listing authenticity scoring, owner proof, and anti-escrow fraud protections."
pharmacy--investment_scam,Pharmacy,health,fraud,Users are lured into fake Pharmacy investment or yield schemes,93,88,66,83,48,"Investment verification rails, high-risk claim detection, and suspicious transfer intervention."
pharmacy--seller_trust_gap,Pharmacy,health,marketplace,Users do not trust whether a Pharmacy seller or provider is real,79,79,83,81,64,"Seller trust graphs, transaction guarantees, and identity-backed reputation."
pharmacy--fake_reviews,Pharmacy,health,trust,"Users cannot trust reviews, ratings, or testimonials in Pharmacy",74,72,86,78,69,"Review authenticity, verified outcomes, and anomaly-based reputation scoring."
pharmacy--delivery_confusion,Pharmacy,health,operations,Users struggle to understand real delivery status in Pharmacy,72,72,85,76,73,"Verified status feeds, exception alerts, and unified tracking UX."
pharmacy--refund_delay,Pharmacy,health,payments,Users cannot predict when Pharmacy refunds will actually arrive,76,70,81,77,75,"Refund timelines, bank-status translation, and self-serve refund intelligence."
pharmacy--billing_confusion,Pharmacy,health,payments,"Users do not understand Pharmacy charges, renewals, or fee structure",77,73,84,79,77,"Explainable billing, charge provenance, and proactive anomaly notices."
pharmacy--subscription_cancellation,Pharmacy,health,payments,Users cannot cancel or downgrade Pharmacy subscriptions cleanly,71,69,80,73,70,"Transparent offboarding, downgrade alternatives, and friction analytics."
pharmacy--account_takeover,Pharmacy,health,identity,Users lose access to Pharmacy accounts through takeover or session theft,89,90,74,86,67,"Session risk scoring, recovery hardening, and impossible-travel style anomaly controls."
pharmacy--password_reset_pain,Pharmacy,health,identity,Users hit dead ends in Pharmacy password reset and recovery flows,69,72,82,75,72,"Adaptive recovery routing, identity proofing, and state-aware help flows."
pharmacy--otp_mfa_fatigue,Pharmacy,health,identity,Users in Pharmacy face OTP and MFA fatigue without feeling truly protected,75,69,72,74,65,"Phishing-resistant auth, prompt abuse detection, and human-readable risk cues."
pharmacy--support_wait_time,Pharmacy,health,support,Users cannot reach useful human support quickly in Pharmacy,77,71,87,79,78,"Intent-aware routing, better escalation triggers, and queue transparency."
pharmacy--self_service_failure,Pharmacy,health,support,Users try self-service in Pharmacy but still end up stuck,73,71,88,78,83,"Resolution-focused knowledge design, step validation, and failure-loop analytics."
pharmacy--ai_handoff_gap,Pharmacy,health,support,Users in Pharmacy get trapped between AI help and human help,76,78,81,80,89,"Conversation memory, escalation contracts, and bot-to-human state transfer."
pharmacy--feedback_void,Pharmacy,health,support,Users report problems in Pharmacy but feel nothing changes,65,65,76,70,68,Closed-loop feedback orchestration and action-trace dashboards.
pharmacy--privacy_transparency_gap,Pharmacy,health,privacy,Users do not understand how Pharmacy uses personal data,70,62,78,73,69,"Plain-language data notices, purpose-level controls, and permission history."
pharmacy--onboarding_dropoff,Pharmacy,health,conversion,Users abandon Pharmacy onboarding before seeing value,68,65,85,75,76,"Risk-adaptive onboarding, progressive profiling, and abandonment analytics."
pharmacy--checkout_abandonment,Pharmacy,health,conversion,Users in Pharmacy abandon checkout when trust or cost changes too late,74,72,83,79,74,"Transparent checkout, pre-verified totals, and trust-state messaging."
pharmacy--hidden_fees,Pharmacy,health,payments,Users discover hidden or confusing fees in Pharmacy too late,72,71,77,75,68,"Price breakdowns, fee explainers, and cost-delta warnings."
pharmacy--official_channel_confusion,Pharmacy,health,trust,Users cannot tell which Pharmacy channels are official and safe,84,88,80,83,60,"Official-channel registries, signed notifications, and trust-verification UX."
pharmacy--knowledge_fragmentation,Pharmacy,health,support,"Users in Pharmacy get contradictory answers across help content, AI, and agents",69,63,75,71,81,"Unified knowledge graph, answer verification, and source-aware support systems."
pharmacy--identity_proofing_friction,Pharmacy,health,identity,Legitimate users in Pharmacy fail identity proofing while fraudsters still slip through,80,75,69,78,71,"Adaptive proofing, low-friction trust signals, and fallback recovery lanes."
education--imposter_scam,Education,education,fraud,Users cannot tell real Education outreach from imposter scams,92,83,88,87,64,"Trust verification layer, message provenance, and outbound notice registry."
education--social_media_scam,Education,education,fraud,Users get pulled from social feeds into fake Education offers,89,84,93,87,59,"Link reputation, seller verification, and ad-to-checkout risk scoring."
education--deepfake_voice_fraud,Education,education,fraud,Users are vulnerable to deepfake or voice-clone fraud in Education,93,90,74,87,52,"Out-of-band verification, secure callback flows, and synthetic-media detection."
education--phishing_login_flow,Education,education,identity,Users are tricked into phishing flows that mimic official Education login pages,94,94,81,89,57,"Phishing-resistant authentication, origin validation, and login anomaly detection."
education--job_opportunity_trap,Education,education,fraud,Users chasing Education opportunities fall into fake jobs or business offers,86,89,79,84,61,"Listing verification, recruiter proofing, and payout-safe workflows."
education--rental_listing_fraud,Education,education,fraud,Users searching Education listings cannot tell fake inventory from real supply,85,76,73,79,56,"Listing authenticity scoring, owner proof, and anti-escrow fraud protections."
education--investment_scam,Education,education,fraud,Users are lured into fake Education investment or yield schemes,96,88,68,85,49,"Investment verification rails, high-risk claim detection, and suspicious transfer intervention."
education--seller_trust_gap,Education,education,marketplace,Users do not trust whether a Education seller or provider is real,82,79,86,83,66,"Seller trust graphs, transaction guarantees, and identity-backed reputation."
education--fake_reviews,Education,education,trust,"Users cannot trust reviews, ratings, or testimonials in Education",76,72,89,79,71,"Review authenticity, verified outcomes, and anomaly-based reputation scoring."
education--delivery_confusion,Education,education,operations,Users struggle to understand real delivery status in Education,74,72,88,77,75,"Verified status feeds, exception alerts, and unified tracking UX."
education--refund_delay,Education,education,payments,Users cannot predict when Education refunds will actually arrive,78,70,84,79,77,"Refund timelines, bank-status translation, and self-serve refund intelligence."
education--billing_confusion,Education,education,payments,"Users do not understand Education charges, renewals, or fee structure",80,73,87,81,79,"Explainable billing, charge provenance, and proactive anomaly notices."
education--subscription_cancellation,Education,education,payments,Users cannot cancel or downgrade Education subscriptions cleanly,74,69,82,74,72,"Transparent offboarding, downgrade alternatives, and friction analytics."
education--account_takeover,Education,education,identity,Users lose access to Education accounts through takeover or session theft,92,90,76,87,69,"Session risk scoring, recovery hardening, and impossible-travel style anomaly controls."
education--password_reset_pain,Education,education,identity,Users hit dead ends in Education password reset and recovery flows,72,72,85,77,74,"Adaptive recovery routing, identity proofing, and state-aware help flows."
education--otp_mfa_fatigue,Education,education,identity,Users in Education face OTP and MFA fatigue without feeling truly protected,77,69,74,75,67,"Phishing-resistant auth, prompt abuse detection, and human-readable risk cues."
education--support_wait_time,Education,education,support,Users cannot reach useful human support quickly in Education,79,71,90,81,80,"Intent-aware routing, better escalation triggers, and queue transparency."
education--self_service_failure,Education,education,support,Users try self-service in Education but still end up stuck,75,71,91,79,86,"Resolution-focused knowledge design, step validation, and failure-loop analytics."
education--ai_handoff_gap,Education,education,support,Users in Education get trapped between AI help and human help,78,78,83,81,92,"Conversation memory, escalation contracts, and bot-to-human state transfer."
education--feedback_void,Education,education,support,Users report problems in Education but feel nothing changes,68,65,78,71,70,Closed-loop feedback orchestration and action-trace dashboards.
education--privacy_transparency_gap,Education,education,privacy,Users do not understand how Education uses personal data,73,62,80,74,71,"Plain-language data notices, purpose-level controls, and permission history."
education--onboarding_dropoff,Education,education,conversion,Users abandon Education onboarding before seeing value,71,65,88,77,78,"Risk-adaptive onboarding, progressive profiling, and abandonment analytics."
education--checkout_abandonment,Education,education,conversion,Users in Education abandon checkout when trust or cost changes too late,76,72,86,81,76,"Transparent checkout, pre-verified totals, and trust-state messaging."
education--hidden_fees,Education,education,payments,Users discover hidden or confusing fees in Education too late,74,71,79,76,70,"Price breakdowns, fee explainers, and cost-delta warnings."
education--official_channel_confusion,Education,education,trust,Users cannot tell which Education channels are official and safe,87,88,82,85,62,"Official-channel registries, signed notifications, and trust-verification UX."
education--knowledge_fragmentation,Education,education,support,"Users in Education get contradictory answers across help content, AI, and agents",72,63,77,73,84,"Unified knowledge graph, answer verification, and source-aware support systems."
education--identity_proofing_friction,Education,education,identity,Legitimate users in Education fail identity proofing while fraudsters still slip through,83,75,71,79,73,"Adaptive proofing, low-friction trust signals, and fallback recovery lanes."
edtech--imposter_scam,EdTech,education,fraud,Users cannot tell real EdTech outreach from imposter scams,95,83,81,87,60,"Trust verification layer, message provenance, and outbound notice registry."
edtech--social_media_scam,EdTech,education,fraud,Users get pulled from social feeds into fake EdTech offers,92,84,86,87,55,"Link reputation, seller verification, and ad-to-checkout risk scoring."
edtech--deepfake_voice_fraud,EdTech,education,fraud,Users are vulnerable to deepfake or voice-clone fraud in EdTech,96,90,68,87,49,"Out-of-band verification, secure callback flows, and synthetic-media detection."
edtech--phishing_login_flow,EdTech,education,identity,Users are tricked into phishing flows that mimic official EdTech login pages,97,94,75,89,54,"Phishing-resistant authentication, origin validation, and login anomaly detection."
edtech--job_opportunity_trap,EdTech,education,fraud,Users chasing EdTech opportunities fall into fake jobs or business offers,89,89,73,84,57,"Listing verification, recruiter proofing, and payout-safe workflows."
edtech--rental_listing_fraud,EdTech,education,fraud,Users searching EdTech listings cannot tell fake inventory from real supply,88,76,67,79,53,"Listing authenticity scoring, owner proof, and anti-escrow fraud protections."
edtech--investment_scam,EdTech,education,fraud,Users are lured into fake EdTech investment or yield schemes,99,88,63,85,46,"Investment verification rails, high-risk claim detection, and suspicious transfer intervention."
edtech--seller_trust_gap,EdTech,education,marketplace,Users do not trust whether a EdTech seller or provider is real,85,79,79,82,62,"Seller trust graphs, transaction guarantees, and identity-backed reputation."
edtech--fake_reviews,EdTech,education,trust,"Users cannot trust reviews, ratings, or testimonials in EdTech",79,72,82,79,67,"Review authenticity, verified outcomes, and anomaly-based reputation scoring."
edtech--delivery_confusion,EdTech,education,operations,Users struggle to understand real delivery status in EdTech,77,72,81,77,70,"Verified status feeds, exception alerts, and unified tracking UX."
edtech--refund_delay,EdTech,education,payments,Users cannot predict when EdTech refunds will actually arrive,81,70,77,78,72,"Refund timelines, bank-status translation, and self-serve refund intelligence."
edtech--billing_confusion,EdTech,education,payments,"Users do not understand EdTech charges, renewals, or fee structure",83,73,80,80,74,"Explainable billing, charge provenance, and proactive anomaly notices."
edtech--subscription_cancellation,EdTech,education,payments,Users cannot cancel or downgrade EdTech subscriptions cleanly,76,69,75,74,68,"Transparent offboarding, downgrade alternatives, and friction analytics."
edtech--account_takeover,EdTech,education,identity,Users lose access to EdTech accounts through takeover or session theft,95,90,70,87,65,"Session risk scoring, recovery hardening, and impossible-travel style anomaly controls."
edtech--password_reset_pain,EdTech,education,identity,Users hit dead ends in EdTech password reset and recovery flows,74,72,78,76,70,"Adaptive recovery routing, identity proofing, and state-aware help flows."
edtech--otp_mfa_fatigue,EdTech,education,identity,Users in EdTech face OTP and MFA fatigue without feeling truly protected,80,69,68,75,63,"Phishing-resistant auth, prompt abuse detection, and human-readable risk cues."
edtech--support_wait_time,EdTech,education,support,Users cannot reach useful human support quickly in EdTech,82,71,83,80,75,"Intent-aware routing, better escalation triggers, and queue transparency."
edtech--self_service_failure,EdTech,education,support,Users try self-service in EdTech but still end up stuck,78,71,84,79,81,"Resolution-focused knowledge design, step validation, and failure-loop analytics."
edtech--ai_handoff_gap,EdTech,education,support,Users in EdTech get trapped between AI help and human help,81,78,76,81,86,"Conversation memory, escalation contracts, and bot-to-human state transfer."
edtech--feedback_void,EdTech,education,support,Users report problems in EdTech but feel nothing changes,70,65,72,71,66,Closed-loop feedback orchestration and action-trace dashboards.
edtech--privacy_transparency_gap,EdTech,education,privacy,Users do not understand how EdTech uses personal data,75,62,74,73,67,"Plain-language data notices, purpose-level controls, and permission history."
edtech--onboarding_dropoff,EdTech,education,conversion,Users abandon EdTech onboarding before seeing value,73,65,81,76,73,"Risk-adaptive onboarding, progressive profiling, and abandonment analytics."
edtech--checkout_abandonment,EdTech,education,conversion,Users in EdTech abandon checkout when trust or cost changes too late,79,72,79,80,71,"Transparent checkout, pre-verified totals, and trust-state messaging."
edtech--hidden_fees,EdTech,education,payments,Users discover hidden or confusing fees in EdTech too late,77,71,73,76,66,"Price breakdowns, fee explainers, and cost-delta warnings."
edtech--official_channel_confusion,EdTech,education,trust,Users cannot tell which EdTech channels are official and safe,90,88,75,84,58,"Official-channel registries, signed notifications, and trust-verification UX."
edtech--knowledge_fragmentation,EdTech,education,support,"Users in EdTech get contradictory answers across help content, AI, and agents",74,63,71,72,79,"Unified knowledge graph, answer verification, and source-aware support systems."
edtech--identity_proofing_friction,EdTech,education,identity,Legitimate users in EdTech fail identity proofing while fraudsters still slip through,86,75,65,79,69,"Adaptive proofing, low-friction trust signals, and fallback recovery lanes."
job_board--imposter_scam,Job Board,work,fraud,Users cannot tell real Job Board outreach from imposter scams,99,83,83,88,62,"Trust verification layer, message provenance, and outbound notice registry."
job_board--social_media_scam,Job Board,work,fraud,Users get pulled from social feeds into fake Job Board offers,96,84,88,88,57,"Link reputation, seller verification, and ad-to-checkout risk scoring."
job_board--deepfake_voice_fraud,Job Board,work,fraud,Users are vulnerable to deepfake or voice-clone fraud in Job Board,100,90,70,88,50,"Out-of-band verification, secure callback flows, and synthetic-media detection."
job_board--phishing_login_flow,Job Board,work,identity,Users are tricked into phishing flows that mimic official Job Board login pages,100,94,77,90,55,"Phishing-resistant authentication, origin validation, and login anomaly detection."
job_board--job_opportunity_trap,Job Board,work,fraud,Users chasing Job Board opportunities fall into fake jobs or business offers,92,89,75,85,59,"Listing verification, recruiter proofing, and payout-safe workflows."
job_board--rental_listing_fraud,Job Board,work,fraud,Users searching Job Board listings cannot tell fake inventory from real supply,91,76,69,80,54,"Listing authenticity scoring, owner proof, and anti-escrow fraud protections."
job_board--investment_scam,Job Board,work,fraud,Users are lured into fake Job Board investment or yield schemes,100,88,64,85,48,"Investment verification rails, high-risk claim detection, and suspicious transfer intervention."
job_board--seller_trust_gap,Job Board,work,marketplace,Users do not trust whether a Job Board seller or provider is real,88,79,81,84,64,"Seller trust graphs, transaction guarantees, and identity-backed reputation."
job_board--fake_reviews,Job Board,work,trust,"Users cannot trust reviews, ratings, or testimonials in Job Board",82,72,84,80,69,"Review authenticity, verified outcomes, and anomaly-based reputation scoring."
job_board--delivery_confusion,Job Board,work,operations,Users struggle to understand real delivery status in Job Board,80,72,83,79,73,"Verified status feeds, exception alerts, and unified tracking UX."
job_board--refund_delay,Job Board,work,payments,Users cannot predict when Job Board refunds will actually arrive,84,70,79,80,75,"Refund timelines, bank-status translation, and self-serve refund intelligence."
job_board--billing_confusion,Job Board,work,payments,"Users do not understand Job Board charges, renewals, or fee structure",86,73,82,82,77,"Explainable billing, charge provenance, and proactive anomaly notices."
job_board--subscription_cancellation,Job Board,work,payments,Users cannot cancel or downgrade Job Board subscriptions cleanly,79,69,77,75,70,"Transparent offboarding, downgrade alternatives, and friction analytics."
job_board--account_takeover,Job Board,work,identity,Users lose access to Job Board accounts through takeover or session theft,99,90,72,89,67,"Session risk scoring, recovery hardening, and impossible-travel style anomaly controls."
job_board--password_reset_pain,Job Board,work,identity,Users hit dead ends in Job Board password reset and recovery flows,77,72,80,77,72,"Adaptive recovery routing, identity proofing, and state-aware help flows."
job_board--otp_mfa_fatigue,Job Board,work,identity,Users in Job Board face OTP and MFA fatigue without feeling truly protected,83,69,70,76,65,"Phishing-resistant auth, prompt abuse detection, and human-readable risk cues."
job_board--support_wait_time,Job Board,work,support,Users cannot reach useful human support quickly in Job Board,85,71,85,82,78,"Intent-aware routing, better escalation triggers, and queue transparency."
job_board--self_service_failure,Job Board,work,support,Users try self-service in Job Board but still end up stuck,81,71,86,80,83,"Resolution-focused knowledge design, step validation, and failure-loop analytics."
job_board--ai_handoff_gap,Job Board,work,support,Users in Job Board get trapped between AI help and human help,84,78,78,82,89,"Conversation memory, escalation contracts, and bot-to-human state transfer."
job_board--feedback_void,Job Board,work,support,Users report problems in Job Board but feel nothing changes,72,65,74,72,68,Closed-loop feedback orchestration and action-trace dashboards.
job_board--privacy_transparency_gap,Job Board,work,privacy,Users do not understand how Job Board uses personal data,78,62,76,75,69,"Plain-language data notices, purpose-level controls, and permission history."
job_board--onboarding_dropoff,Job Board,work,conversion,Users abandon Job Board onboarding before seeing value,76,65,83,78,76,"Risk-adaptive onboarding, progressive profiling, and abandonment analytics."
job_board--checkout_abandonment,Job Board,work,conversion,Users in Job Board abandon checkout when trust or cost changes too late,82,72,81,82,74,"Transparent checkout, pre-verified totals, and trust-state messaging."
job_board--hidden_fees,Job Board,work,payments,Users discover hidden or confusing fees in Job Board too late,80,71,75,77,68,"Price breakdowns, fee explainers, and cost-delta warnings."
job_board--official_channel_confusion,Job Board,work,trust,Users cannot tell which Job Board channels are official and safe,93,88,77,86,60,"Official-channel registries, signed notifications, and trust-verification UX."
job_board--knowledge_fragmentation,Job Board,work,support,"Users in Job Board get contradictory answers across help content, AI, and agents",77,63,73,73,81,"Unified knowledge graph, answer verification, and source-aware support systems."
job_board--identity_proofing_friction,Job Board,work,identity,Legitimate users in Job Board fail identity proofing while fraudsters still slip through,89,75,67,81,71,"Adaptive proofing, low-friction trust signals, and fallback recovery lanes."
hr_payroll--imposter_scam,HR and Payroll,work,fraud,Users cannot tell real HR and Payroll outreach from imposter scams,79,83,85,82,64,"Trust verification layer, message provenance, and outbound notice registry."
hr_payroll--social_media_scam,HR and Payroll,work,fraud,Users get pulled from social feeds into fake HR and Payroll offers,76,84,90,82,59,"Link reputation, seller verification, and ad-to-checkout risk scoring."
hr_payroll--deepfake_voice_fraud,HR and Payroll,work,fraud,Users are vulnerable to deepfake or voice-clone fraud in HR and Payroll,80,90,72,82,52,"Out-of-band verification, secure callback flows, and synthetic-media detection."
hr_payroll--phishing_login_flow,HR and Payroll,work,identity,Users are tricked into phishing flows that mimic official HR and Payroll login pages,81,94,79,84,57,"Phishing-resistant authentication, origin validation, and login anomaly detection."
hr_payroll--job_opportunity_trap,HR and Payroll,work,fraud,Users chasing HR and Payroll opportunities fall into fake jobs or business offers,74,89,77,80,61,"Listing verification, recruiter proofing, and payout-safe workflows."
hr_payroll--rental_listing_fraud,HR and Payroll,work,fraud,Users searching HR and Payroll listings cannot tell fake inventory from real supply,73,76,71,74,56,"Listing authenticity scoring, owner proof, and anti-escrow fraud protections."
hr_payroll--investment_scam,HR and Payroll,work,fraud,Users are lured into fake HR and Payroll investment or yield schemes,82,88,66,80,49,"Investment verification rails, high-risk claim detection, and suspicious transfer intervention."
hr_payroll--seller_trust_gap,HR and Payroll,work,marketplace,Users do not trust whether a HR and Payroll seller or provider is real,71,79,83,78,66,"Seller trust graphs, transaction guarantees, and identity-backed reputation."
hr_payroll--fake_reviews,HR and Payroll,work,trust,"Users cannot trust reviews, ratings, or testimonials in HR and Payroll",66,72,86,75,71,"Review authenticity, verified outcomes, and anomaly-based reputation scoring."
hr_payroll--delivery_confusion,HR and Payroll,work,operations,Users struggle to understand real delivery status in HR and Payroll,64,72,85,73,75,"Verified status feeds, exception alerts, and unified tracking UX."
hr_payroll--refund_delay,HR and Payroll,work,payments,Users cannot predict when HR and Payroll refunds will actually arrive,67,70,81,74,77,"Refund timelines, bank-status translation, and self-serve refund intelligence."
hr_payroll--billing_confusion,HR and Payroll,work,payments,"Users do not understand HR and Payroll charges, renewals, or fee structure",69,73,84,76,79,"Explainable billing, charge provenance, and proactive anomaly notices."
hr_payroll--subscription_cancellation,HR and Payroll,work,payments,Users cannot cancel or downgrade HR and Payroll subscriptions cleanly,63,69,80,70,72,"Transparent offboarding, downgrade alternatives, and friction analytics."
hr_payroll--account_takeover,HR and Payroll,work,identity,Users lose access to HR and Payroll accounts through takeover or session theft,79,90,74,82,69,"Session risk scoring, recovery hardening, and impossible-travel style anomaly controls."
hr_payroll--password_reset_pain,HR and Payroll,work,identity,Users hit dead ends in HR and Payroll password reset and recovery flows,61,72,82,72,74,"Adaptive recovery routing, identity proofing, and state-aware help flows."
hr_payroll--otp_mfa_fatigue,HR and Payroll,work,identity,Users in HR and Payroll face OTP and MFA fatigue without feeling truly protected,66,69,72,71,67,"Phishing-resistant auth, prompt abuse detection, and human-readable risk cues."
hr_payroll--support_wait_time,HR and Payroll,work,support,Users cannot reach useful human support quickly in HR and Payroll,68,71,87,76,80,"Intent-aware routing, better escalation triggers, and queue transparency."
hr_payroll--self_service_failure,HR and Payroll,work,support,Users try self-service in HR and Payroll but still end up stuck,65,71,88,75,86,"Resolution-focused knowledge design, step validation, and failure-loop analytics."
hr_payroll--ai_handoff_gap,HR and Payroll,work,support,Users in HR and Payroll get trapped between AI help and human help,67,78,81,77,92,"Conversation memory, escalation contracts, and bot-to-human state transfer."
hr_payroll--feedback_void,HR and Payroll,work,support,Users report problems in HR and Payroll but feel nothing changes,58,65,76,67,70,Closed-loop feedback orchestration and action-trace dashboards.
hr_payroll--privacy_transparency_gap,HR and Payroll,work,privacy,Users do not understand how HR and Payroll uses personal data,62,62,78,70,71,"Plain-language data notices, purpose-level controls, and permission history."
hr_payroll--onboarding_dropoff,HR and Payroll,work,conversion,Users abandon HR and Payroll onboarding before seeing value,60,65,85,73,78,"Risk-adaptive onboarding, progressive profiling, and abandonment analytics."
hr_payroll--checkout_abandonment,HR and Payroll,work,conversion,Users in HR and Payroll abandon checkout when trust or cost changes too late,66,72,83,77,76,"Transparent checkout, pre-verified totals, and trust-state messaging."
hr_payroll--hidden_fees,HR and Payroll,work,payments,Users discover hidden or confusing fees in HR and Payroll too late,64,71,77,72,70,"Price breakdowns, fee explainers, and cost-delta warnings."
hr_payroll--official_channel_confusion,HR and Payroll,work,trust,Users cannot tell which HR and Payroll channels are official and safe,75,88,80,80,62,"Official-channel registries, signed notifications, and trust-verification UX."
hr_payroll--knowledge_fragmentation,HR and Payroll,work,support,"Users in HR and Payroll get contradictory answers across help content, AI, and agents",61,63,75,68,84,"Unified knowledge graph, answer verification, and source-aware support systems."
hr_payroll--identity_proofing_friction,HR and Payroll,work,identity,Legitimate users in HR and Payroll fail identity proofing while fraudsters still slip through,71,75,69,75,73,"Adaptive proofing, low-friction trust signals, and fallback recovery lanes."
gig_platform--imposter_scam,Gig Platform,work,fraud,Users cannot tell real Gig Platform outreach from imposter scams,82,83,88,84,60,"Trust verification layer, message provenance, and outbound notice registry."
gig_platform--social_media_scam,Gig Platform,work,fraud,Users get pulled from social feeds into fake Gig Platform offers,80,84,93,84,55,"Link reputation, seller verification, and ad-to-checkout risk scoring."
gig_platform--deepfake_voice_fraud,Gig Platform,work,fraud,Users are vulnerable to deepfake or voice-clone fraud in Gig Platform,83,90,74,84,49,"Out-of-band verification, secure callback flows, and synthetic-media detection."
gig_platform--phishing_login_flow,Gig Platform,work,identity,Users are tricked into phishing flows that mimic official Gig Platform login pages,84,94,81,86,54,"Phishing-resistant authentication, origin validation, and login anomaly detection."
gig_platform--job_opportunity_trap,Gig Platform,work,fraud,Users chasing Gig Platform opportunities fall into fake jobs or business offers,77,89,79,81,57,"Listing verification, recruiter proofing, and payout-safe workflows."
gig_platform--rental_listing_fraud,Gig Platform,work,fraud,Users searching Gig Platform listings cannot tell fake inventory from real supply,76,76,73,76,53,"Listing authenticity scoring, owner proof, and anti-escrow fraud protections."
gig_platform--investment_scam,Gig Platform,work,fraud,Users are lured into fake Gig Platform investment or yield schemes,86,88,68,81,46,"Investment verification rails, high-risk claim detection, and suspicious transfer intervention."
gig_platform--seller_trust_gap,Gig Platform,work,marketplace,Users do not trust whether a Gig Platform seller or provider is real,74,79,86,80,62,"Seller trust graphs, transaction guarantees, and identity-backed reputation."
gig_platform--fake_reviews,Gig Platform,work,trust,"Users cannot trust reviews, ratings, or testimonials in Gig Platform",68,72,89,76,67,"Review authenticity, verified outcomes, and anomaly-based reputation scoring."
gig_platform--delivery_confusion,Gig Platform,work,operations,Users struggle to understand real delivery status in Gig Platform,66,72,88,75,70,"Verified status feeds, exception alerts, and unified tracking UX."
gig_platform--refund_delay,Gig Platform,work,payments,Users cannot predict when Gig Platform refunds will actually arrive,70,70,84,76,72,"Refund timelines, bank-status translation, and self-serve refund intelligence."
gig_platform--billing_confusion,Gig Platform,work,payments,"Users do not understand Gig Platform charges, renewals, or fee structure",72,73,87,78,74,"Explainable billing, charge provenance, and proactive anomaly notices."
gig_platform--subscription_cancellation,Gig Platform,work,payments,Users cannot cancel or downgrade Gig Platform subscriptions cleanly,66,69,82,72,68,"Transparent offboarding, downgrade alternatives, and friction analytics."
gig_platform--account_takeover,Gig Platform,work,identity,Users lose access to Gig Platform accounts through takeover or session theft,82,90,76,84,65,"Session risk scoring, recovery hardening, and impossible-travel style anomaly controls."
gig_platform--password_reset_pain,Gig Platform,work,identity,Users hit dead ends in Gig Platform password reset and recovery flows,64,72,85,74,70,"Adaptive recovery routing, identity proofing, and state-aware help flows."
gig_platform--otp_mfa_fatigue,Gig Platform,work,identity,Users in Gig Platform face OTP and MFA fatigue without feeling truly protected,69,69,74,72,63,"Phishing-resistant auth, prompt abuse detection, and human-readable risk cues."
gig_platform--support_wait_time,Gig Platform,work,support,Users cannot reach useful human support quickly in Gig Platform,71,71,90,78,75,"Intent-aware routing, better escalation triggers, and queue transparency."
gig_platform--self_service_failure,Gig Platform,work,support,Users try self-service in Gig Platform but still end up stuck,67,71,91,77,81,"Resolution-focused knowledge design, step validation, and failure-loop analytics."
gig_platform--ai_handoff_gap,Gig Platform,work,support,Users in Gig Platform get trapped between AI help and human help,70,78,83,78,86,"Conversation memory, escalation contracts, and bot-to-human state transfer."
gig_platform--feedback_void,Gig Platform,work,support,Users report problems in Gig Platform but feel nothing changes,60,65,78,68,66,Closed-loop feedback orchestration and action-trace dashboards.
gig_platform--privacy_transparency_gap,Gig Platform,work,privacy,Users do not understand how Gig Platform uses personal data,65,62,80,71,67,"Plain-language data notices, purpose-level controls, and permission history."
gig_platform--onboarding_dropoff,Gig Platform,work,conversion,Users abandon Gig Platform onboarding before seeing value,63,65,88,74,73,"Risk-adaptive onboarding, progressive profiling, and abandonment analytics."
gig_platform--checkout_abandonment,Gig Platform,work,conversion,Users in Gig Platform abandon checkout when trust or cost changes too late,68,72,86,78,71,"Transparent checkout, pre-verified totals, and trust-state messaging."
gig_platform--hidden_fees,Gig Platform,work,payments,Users discover hidden or confusing fees in Gig Platform too late,66,71,79,73,66,"Price breakdowns, fee explainers, and cost-delta warnings."
gig_platform--official_channel_confusion,Gig Platform,work,trust,Users cannot tell which Gig Platform channels are official and safe,78,88,82,82,58,"Official-channel registries, signed notifications, and trust-verification UX."
gig_platform--knowledge_fragmentation,Gig Platform,work,support,"Users in Gig Platform get contradictory answers across help content, AI, and agents",64,63,77,70,79,"Unified knowledge graph, answer verification, and source-aware support systems."
gig_platform--identity_proofing_friction,Gig Platform,work,identity,Legitimate users in Gig Platform fail identity proofing while fraudsters still slip through,74,75,71,76,69,"Adaptive proofing, low-friction trust signals, and fallback recovery lanes."
travel--imposter_scam,Travel Booking,travel,fraud,Users cannot tell real Travel Booking outreach from imposter scams,86,83,81,84,62,"Trust verification layer, message provenance, and outbound notice registry."
travel--social_media_scam,Travel Booking,travel,fraud,Users get pulled from social feeds into fake Travel Booking offers,83,84,86,84,57,"Link reputation, seller verification, and ad-to-checkout risk scoring."
travel--deepfake_voice_fraud,Travel Booking,travel,fraud,Users are vulnerable to deepfake or voice-clone fraud in Travel Booking,86,90,68,83,50,"Out-of-band verification, secure callback flows, and synthetic-media detection."
travel--phishing_login_flow,Travel Booking,travel,identity,Users are tricked into phishing flows that mimic official Travel Booking login pages,87,94,75,86,55,"Phishing-resistant authentication, origin validation, and login anomaly detection."
travel--job_opportunity_trap,Travel Booking,travel,fraud,Users chasing Travel Booking opportunities fall into fake jobs or business offers,80,89,73,81,59,"Listing verification, recruiter proofing, and payout-safe workflows."
travel--rental_listing_fraud,Travel Booking,travel,fraud,Users searching Travel Booking listings cannot tell fake inventory from real supply,79,76,67,76,54,"Listing authenticity scoring, owner proof, and anti-escrow fraud protections."
travel--investment_scam,Travel Booking,travel,fraud,Users are lured into fake Travel Booking investment or yield schemes,89,88,63,82,48,"Investment verification rails, high-risk claim detection, and suspicious transfer intervention."
travel--seller_trust_gap,Travel Booking,travel,marketplace,Users do not trust whether a Travel Booking seller or provider is real,76,79,79,79,64,"Seller trust graphs, transaction guarantees, and identity-backed reputation."
travel--fake_reviews,Travel Booking,travel,trust,"Users cannot trust reviews, ratings, or testimonials in Travel Booking",71,72,82,76,69,"Review authenticity, verified outcomes, and anomaly-based reputation scoring."
travel--delivery_confusion,Travel Booking,travel,operations,Users struggle to understand real delivery status in Travel Booking,69,72,81,74,73,"Verified status feeds, exception alerts, and unified tracking UX."
travel--refund_delay,Travel Booking,travel,payments,Users cannot predict when Travel Booking refunds will actually arrive,73,70,77,75,75,"Refund timelines, bank-status translation, and self-serve refund intelligence."
travel--billing_confusion,Travel Booking,travel,payments,"Users do not understand Travel Booking charges, renewals, or fee structure",75,73,80,78,77,"Explainable billing, charge provenance, and proactive anomaly notices."
travel--subscription_cancellation,Travel Booking,travel,payments,Users cannot cancel or downgrade Travel Booking subscriptions cleanly,68,69,75,71,70,"Transparent offboarding, downgrade alternatives, and friction analytics."
travel--account_takeover,Travel Booking,travel,identity,Users lose access to Travel Booking accounts through takeover or session theft,86,90,70,84,67,"Session risk scoring, recovery hardening, and impossible-travel style anomaly controls."
travel--password_reset_pain,Travel Booking,travel,identity,Users hit dead ends in Travel Booking password reset and recovery flows,66,72,78,73,72,"Adaptive recovery routing, identity proofing, and state-aware help flows."
travel--otp_mfa_fatigue,Travel Booking,travel,identity,Users in Travel Booking face OTP and MFA fatigue without feeling truly protected,72,69,68,72,65,"Phishing-resistant auth, prompt abuse detection, and human-readable risk cues."
travel--support_wait_time,Travel Booking,travel,support,Users cannot reach useful human support quickly in Travel Booking,74,71,83,78,78,"Intent-aware routing, better escalation triggers, and queue transparency."
travel--self_service_failure,Travel Booking,travel,support,Users try self-service in Travel Booking but still end up stuck,70,71,84,76,83,"Resolution-focused knowledge design, step validation, and failure-loop analytics."
travel--ai_handoff_gap,Travel Booking,travel,support,Users in Travel Booking get trapped between AI help and human help,73,78,76,78,89,"Conversation memory, escalation contracts, and bot-to-human state transfer."
travel--feedback_void,Travel Booking,travel,support,Users report problems in Travel Booking but feel nothing changes,63,65,72,68,68,Closed-loop feedback orchestration and action-trace dashboards.
travel--privacy_transparency_gap,Travel Booking,travel,privacy,Users do not understand how Travel Booking uses personal data,67,62,74,71,69,"Plain-language data notices, purpose-level controls, and permission history."
travel--onboarding_dropoff,Travel Booking,travel,conversion,Users abandon Travel Booking onboarding before seeing value,66,65,81,74,76,"Risk-adaptive onboarding, progressive profiling, and abandonment analytics."
travel--checkout_abandonment,Travel Booking,travel,conversion,Users in Travel Booking abandon checkout when trust or cost changes too late,71,72,79,77,74,"Transparent checkout, pre-verified totals, and trust-state messaging."
travel--hidden_fees,Travel Booking,travel,payments,Users discover hidden or confusing fees in Travel Booking too late,69,71,73,73,68,"Price breakdowns, fee explainers, and cost-delta warnings."
travel--official_channel_confusion,Travel Booking,travel,trust,Users cannot tell which Travel Booking channels are official and safe,81,88,75,81,60,"Official-channel registries, signed notifications, and trust-verification UX."
travel--knowledge_fragmentation,Travel Booking,travel,support,"Users in Travel Booking get contradictory answers across help content, AI, and agents",66,63,71,69,81,"Unified knowledge graph, answer verification, and source-aware support systems."
travel--identity_proofing_friction,Travel Booking,travel,identity,Legitimate users in Travel Booking fail identity proofing while fraudsters still slip through,77,75,65,76,71,"Adaptive proofing, low-friction trust signals, and fallback recovery lanes."
hospitality--imposter_scam,Hospitality,travel,fraud,Users cannot tell real Hospitality outreach from imposter scams,89,83,83,85,64,"Trust verification layer, message provenance, and outbound notice registry."
hospitality--social_media_scam,Hospitality,travel,fraud,Users get pulled from social feeds into fake Hospitality offers,86,84,88,85,59,"Link reputation, seller verification, and ad-to-checkout risk scoring."
hospitality--deepfake_voice_fraud,Hospitality,travel,fraud,Users are vulnerable to deepfake or voice-clone fraud in Hospitality,90,90,70,85,52,"Out-of-band verification, secure callback flows, and synthetic-media detection."
hospitality--phishing_login_flow,Hospitality,travel,identity,Users are tricked into phishing flows that mimic official Hospitality login pages,91,94,77,87,57,"Phishing-resistant authentication, origin validation, and login anomaly detection."
hospitality--job_opportunity_trap,Hospitality,travel,fraud,Users chasing Hospitality opportunities fall into fake jobs or business offers,83,89,75,82,61,"Listing verification, recruiter proofing, and payout-safe workflows."
hospitality--rental_listing_fraud,Hospitality,travel,fraud,Users searching Hospitality listings cannot tell fake inventory from real supply,82,76,69,77,56,"Listing authenticity scoring, owner proof, and anti-escrow fraud protections."
hospitality--investment_scam,Hospitality,travel,fraud,Users are lured into fake Hospitality investment or yield schemes,93,88,64,83,49,"Investment verification rails, high-risk claim detection, and suspicious transfer intervention."
hospitality--seller_trust_gap,Hospitality,travel,marketplace,Users do not trust whether a Hospitality seller or provider is real,79,79,81,81,66,"Seller trust graphs, transaction guarantees, and identity-backed reputation."
hospitality--fake_reviews,Hospitality,travel,trust,"Users cannot trust reviews, ratings, or testimonials in Hospitality",74,72,84,77,71,"Review authenticity, verified outcomes, and anomaly-based reputation scoring."
hospitality--delivery_confusion,Hospitality,travel,operations,Users struggle to understand real delivery status in Hospitality,72,72,83,76,75,"Verified status feeds, exception alerts, and unified tracking UX."
hospitality--refund_delay,Hospitality,travel,payments,Users cannot predict when Hospitality refunds will actually arrive,76,70,79,77,77,"Refund timelines, bank-status translation, and self-serve refund intelligence."
hospitality--billing_confusion,Hospitality,travel,payments,"Users do not understand Hospitality charges, renewals, or fee structure",77,73,82,79,79,"Explainable billing, charge provenance, and proactive anomaly notices."
hospitality--subscription_cancellation,Hospitality,travel,payments,Users cannot cancel or downgrade Hospitality subscriptions cleanly,71,69,77,72,72,"Transparent offboarding, downgrade alternatives, and friction analytics."
hospitality--account_takeover,Hospitality,travel,identity,Users lose access to Hospitality accounts through takeover or session theft,89,90,72,85,69,"Session risk scoring, recovery hardening, and impossible-travel style anomaly controls."
hospitality--password_reset_pain,Hospitality,travel,identity,Users hit dead ends in Hospitality password reset and recovery flows,69,72,80,75,74,"Adaptive recovery routing, identity proofing, and state-aware help flows."
hospitality--otp_mfa_fatigue,Hospitality,travel,identity,Users in Hospitality face OTP and MFA fatigue without feeling truly protected,75,69,70,73,67,"Phishing-resistant auth, prompt abuse detection, and human-readable risk cues."
hospitality--support_wait_time,Hospitality,travel,support,Users cannot reach useful human support quickly in Hospitality,77,71,85,79,80,"Intent-aware routing, better escalation triggers, and queue transparency."
hospitality--self_service_failure,Hospitality,travel,support,Users try self-service in Hospitality but still end up stuck,73,71,86,78,86,"Resolution-focused knowledge design, step validation, and failure-loop analytics."
hospitality--ai_handoff_gap,Hospitality,travel,support,Users in Hospitality get trapped between AI help and human help,76,78,78,79,92,"Conversation memory, escalation contracts, and bot-to-human state transfer."
hospitality--feedback_void,Hospitality,travel,support,Users report problems in Hospitality but feel nothing changes,65,65,74,69,70,Closed-loop feedback orchestration and action-trace dashboards.
hospitality--privacy_transparency_gap,Hospitality,travel,privacy,Users do not understand how Hospitality uses personal data,70,62,76,72,71,"Plain-language data notices, purpose-level controls, and permission history."
hospitality--onboarding_dropoff,Hospitality,travel,conversion,Users abandon Hospitality onboarding before seeing value,68,65,83,75,78,"Risk-adaptive onboarding, progressive profiling, and abandonment analytics."
hospitality--checkout_abandonment,Hospitality,travel,conversion,Users in Hospitality abandon checkout when trust or cost changes too late,74,72,81,79,76,"Transparent checkout, pre-verified totals, and trust-state messaging."
hospitality--hidden_fees,Hospitality,travel,payments,Users discover hidden or confusing fees in Hospitality too late,72,71,75,74,70,"Price breakdowns, fee explainers, and cost-delta warnings."
hospitality--official_channel_confusion,Hospitality,travel,trust,Users cannot tell which Hospitality channels are official and safe,84,88,77,83,62,"Official-channel registries, signed notifications, and trust-verification UX."
hospitality--knowledge_fragmentation,Hospitality,travel,support,"Users in Hospitality get contradictory answers across help content, AI, and agents",69,63,73,71,84,"Unified knowledge graph, answer verification, and source-aware support systems."
hospitality--identity_proofing_friction,Hospitality,travel,identity,Legitimate users in Hospitality fail identity proofing while fraudsters still slip through,80,75,67,78,73,"Adaptive proofing, low-friction trust signals, and fallback recovery lanes."
airline--imposter_scam,Airline,travel,fraud,Users cannot tell real Airline outreach from imposter scams,92,83,85,86,60,"Trust verification layer, message provenance, and outbound notice registry."
airline--social_media_scam,Airline,travel,fraud,Users get pulled from social feeds into fake Airline offers,89,84,90,86,55,"Link reputation, seller verification, and ad-to-checkout risk scoring."
airline--deepfake_voice_fraud,Airline,travel,fraud,Users are vulnerable to deepfake or voice-clone fraud in Airline,93,90,72,86,49,"Out-of-band verification, secure callback flows, and synthetic-media detection."
airline--phishing_login_flow,Airline,travel,identity,Users are tricked into phishing flows that mimic official Airline login pages,94,94,79,89,54,"Phishing-resistant authentication, origin validation, and login anomaly detection."
airline--job_opportunity_trap,Airline,travel,fraud,Users chasing Airline opportunities fall into fake jobs or business offers,86,89,77,84,57,"Listing verification, recruiter proofing, and payout-safe workflows."
airline--rental_listing_fraud,Airline,travel,fraud,Users searching Airline listings cannot tell fake inventory from real supply,85,76,71,79,53,"Listing authenticity scoring, owner proof, and anti-escrow fraud protections."
airline--investment_scam,Airline,travel,fraud,Users are lured into fake Airline investment or yield schemes,96,88,66,84,46,"Investment verification rails, high-risk claim detection, and suspicious transfer intervention."
airline--seller_trust_gap,Airline,travel,marketplace,Users do not trust whether a Airline seller or provider is real,82,79,83,82,62,"Seller trust graphs, transaction guarantees, and identity-backed reputation."
airline--fake_reviews,Airline,travel,trust,"Users cannot trust reviews, ratings, or testimonials in Airline",76,72,86,78,67,"Review authenticity, verified outcomes, and anomaly-based reputation scoring."
airline--delivery_confusion,Airline,travel,operations,Users struggle to understand real delivery status in Airline,74,72,85,77,70,"Verified status feeds, exception alerts, and unified tracking UX."
airline--refund_delay,Airline,travel,payments,Users cannot predict when Airline refunds will actually arrive,78,70,81,78,72,"Refund timelines, bank-status translation, and self-serve refund intelligence."
airline--billing_confusion,Airline,travel,payments,"Users do not understand Airline charges, renewals, or fee structure",80,73,84,80,74,"Explainable billing, charge provenance, and proactive anomaly notices."
airline--subscription_cancellation,Airline,travel,payments,Users cannot cancel or downgrade Airline subscriptions cleanly,74,69,80,74,68,"Transparent offboarding, downgrade alternatives, and friction analytics."
airline--account_takeover,Airline,travel,identity,Users lose access to Airline accounts through takeover or session theft,92,90,74,87,65,"Session risk scoring, recovery hardening, and impossible-travel style anomaly controls."
airline--password_reset_pain,Airline,travel,identity,Users hit dead ends in Airline password reset and recovery flows,72,72,82,76,70,"Adaptive recovery routing, identity proofing, and state-aware help flows."
airline--otp_mfa_fatigue,Airline,travel,identity,Users in Airline face OTP and MFA fatigue without feeling truly protected,77,69,72,74,63,"Phishing-resistant auth, prompt abuse detection, and human-readable risk cues."
airline--support_wait_time,Airline,travel,support,Users cannot reach useful human support quickly in Airline,79,71,87,80,75,"Intent-aware routing, better escalation triggers, and queue transparency."
airline--self_service_failure,Airline,travel,support,Users try self-service in Airline but still end up stuck,75,71,88,79,81,"Resolution-focused knowledge design, step validation, and failure-loop analytics."
airline--ai_handoff_gap,Airline,travel,support,Users in Airline get trapped between AI help and human help,78,78,81,81,86,"Conversation memory, escalation contracts, and bot-to-human state transfer."
airline--feedback_void,Airline,travel,support,Users report problems in Airline but feel nothing changes,68,65,76,71,66,Closed-loop feedback orchestration and action-trace dashboards.
airline--privacy_transparency_gap,Airline,travel,privacy,Users do not understand how Airline uses personal data,73,62,78,74,67,"Plain-language data notices, purpose-level controls, and permission history."
airline--onboarding_dropoff,Airline,travel,conversion,Users abandon Airline onboarding before seeing value,71,65,85,76,73,"Risk-adaptive onboarding, progressive profiling, and abandonment analytics."
airline--checkout_abandonment,Airline,travel,conversion,Users in Airline abandon checkout when trust or cost changes too late,76,72,83,80,71,"Transparent checkout, pre-verified totals, and trust-state messaging."
airline--hidden_fees,Airline,travel,payments,Users discover hidden or confusing fees in Airline too late,74,71,77,76,66,"Price breakdowns, fee explainers, and cost-delta warnings."
airline--official_channel_confusion,Airline,travel,trust,Users cannot tell which Airline channels are official and safe,87,88,80,84,58,"Official-channel registries, signed notifications, and trust-verification UX."
airline--knowledge_fragmentation,Airline,travel,support,"Users in Airline get contradictory answers across help content, AI, and agents",72,63,75,72,79,"Unified knowledge graph, answer verification, and source-aware support systems."
airline--identity_proofing_friction,Airline,travel,identity,Legitimate users in Airline fail identity proofing while fraudsters still slip through,83,75,69,79,69,"Adaptive proofing, low-friction trust signals, and fallback recovery lanes."
real_estate--imposter_scam,Real Estate,housing,fraud,Users cannot tell real Real Estate outreach from imposter scams,95,83,88,88,62,"Trust verification layer, message provenance, and outbound notice registry."
real_estate--social_media_scam,Real Estate,housing,fraud,Users get pulled from social feeds into fake Real Estate offers,92,84,93,88,57,"Link reputation, seller verification, and ad-to-checkout risk scoring."
real_estate--deepfake_voice_fraud,Real Estate,housing,fraud,Users are vulnerable to deepfake or voice-clone fraud in Real Estate,96,90,74,88,50,"Out-of-band verification, secure callback flows, and synthetic-media detection."
real_estate--phishing_login_flow,Real Estate,housing,identity,Users are tricked into phishing flows that mimic official Real Estate login pages,97,94,81,90,55,"Phishing-resistant authentication, origin validation, and login anomaly detection."
real_estate--job_opportunity_trap,Real Estate,housing,fraud,Users chasing Real Estate opportunities fall into fake jobs or business offers,89,89,79,85,59,"Listing verification, recruiter proofing, and payout-safe workflows."
real_estate--rental_listing_fraud,Real Estate,housing,fraud,Users searching Real Estate listings cannot tell fake inventory from real supply,88,76,73,80,54,"Listing authenticity scoring, owner proof, and anti-escrow fraud protections."
real_estate--investment_scam,Real Estate,housing,fraud,Users are lured into fake Real Estate investment or yield schemes,99,88,68,86,48,"Investment verification rails, high-risk claim detection, and suspicious transfer intervention."
real_estate--seller_trust_gap,Real Estate,housing,marketplace,Users do not trust whether a Real Estate seller or provider is real,85,79,86,84,64,"Seller trust graphs, transaction guarantees, and identity-backed reputation."
real_estate--fake_reviews,Real Estate,housing,trust,"Users cannot trust reviews, ratings, or testimonials in Real Estate",79,72,89,80,69,"Review authenticity, verified outcomes, and anomaly-based reputation scoring."
real_estate--delivery_confusion,Real Estate,housing,operations,Users struggle to understand real delivery status in Real Estate,77,72,88,79,73,"Verified status feeds, exception alerts, and unified tracking UX."
real_estate--refund_delay,Real Estate,housing,payments,Users cannot predict when Real Estate refunds will actually arrive,81,70,84,80,75,"Refund timelines, bank-status translation, and self-serve refund intelligence."
real_estate--billing_confusion,Real Estate,housing,payments,"Users do not understand Real Estate charges, renewals, or fee structure",83,73,87,82,77,"Explainable billing, charge provenance, and proactive anomaly notices."
real_estate--subscription_cancellation,Real Estate,housing,payments,Users cannot cancel or downgrade Real Estate subscriptions cleanly,76,69,82,75,70,"Transparent offboarding, downgrade alternatives, and friction analytics."
real_estate--account_takeover,Real Estate,housing,identity,Users lose access to Real Estate accounts through takeover or session theft,95,90,76,88,67,"Session risk scoring, recovery hardening, and impossible-travel style anomaly controls."
real_estate--password_reset_pain,Real Estate,housing,identity,Users hit dead ends in Real Estate password reset and recovery flows,74,72,85,77,72,"Adaptive recovery routing, identity proofing, and state-aware help flows."
real_estate--otp_mfa_fatigue,Real Estate,housing,identity,Users in Real Estate face OTP and MFA fatigue without feeling truly protected,80,69,74,76,65,"Phishing-resistant auth, prompt abuse detection, and human-readable risk cues."
real_estate--support_wait_time,Real Estate,housing,support,Users cannot reach useful human support quickly in Real Estate,82,71,90,82,78,"Intent-aware routing, better escalation triggers, and queue transparency."
real_estate--self_service_failure,Real Estate,housing,support,Users try self-service in Real Estate but still end up stuck,78,71,91,80,83,"Resolution-focused knowledge design, step validation, and failure-loop analytics."
real_estate--ai_handoff_gap,Real Estate,housing,support,Users in Real Estate get trapped between AI help and human help,81,78,83,82,89,"Conversation memory, escalation contracts, and bot-to-human state transfer."
real_estate--feedback_void,Real Estate,housing,support,Users report problems in Real Estate but feel nothing changes,70,65,78,72,68,Closed-loop feedback orchestration and action-trace dashboards.
real_estate--privacy_transparency_gap,Real Estate,housing,privacy,Users do not understand how Real Estate uses personal data,75,62,80,75,69,"Plain-language data notices, purpose-level controls, and permission history."
real_estate--onboarding_dropoff,Real Estate,housing,conversion,Users abandon Real Estate onboarding before seeing value,73,65,88,78,76,"Risk-adaptive onboarding, progressive profiling, and abandonment analytics."
real_estate--checkout_abandonment,Real Estate,housing,conversion,Users in Real Estate abandon checkout when trust or cost changes too late,79,72,86,82,74,"Transparent checkout, pre-verified totals, and trust-state messaging."
real_estate--hidden_fees,Real Estate,housing,payments,Users discover hidden or confusing fees in Real Estate too late,77,71,79,77,68,"Price breakdowns, fee explainers, and cost-delta warnings."
real_estate--official_channel_confusion,Real Estate,housing,trust,Users cannot tell which Real Estate channels are official and safe,90,88,82,86,60,"Official-channel registries, signed notifications, and trust-verification UX."
real_estate--knowledge_fragmentation,Real Estate,housing,support,"Users in Real Estate get contradictory answers across help content, AI, and agents",74,63,77,73,81,"Unified knowledge graph, answer verification, and source-aware support systems."
real_estate--identity_proofing_friction,Real Estate,housing,identity,Legitimate users in Real Estate fail identity proofing while fraudsters still slip through,86,75,71,80,71,"Adaptive proofing, low-friction trust signals, and fallback recovery lanes."
rentals--imposter_scam,Rental Listings,housing,fraud,Users cannot tell real Rental Listings outreach from imposter scams,99,83,81,88,64,"Trust verification layer, message provenance, and outbound notice registry."
rentals--social_media_scam,Rental Listings,housing,fraud,Users get pulled from social feeds into fake Rental Listings offers,96,84,86,88,59,"Link reputation, seller verification, and ad-to-checkout risk scoring."
rentals--deepfake_voice_fraud,Rental Listings,housing,fraud,Users are vulnerable to deepfake or voice-clone fraud in Rental Listings,100,90,68,88,52,"Out-of-band verification, secure callback flows, and synthetic-media detection."
rentals--phishing_login_flow,Rental Listings,housing,identity,Users are tricked into phishing flows that mimic official Rental Listings login pages,100,94,75,90,57,"Phishing-resistant authentication, origin validation, and login anomaly detection."
rentals--job_opportunity_trap,Rental Listings,housing,fraud,Users chasing Rental Listings opportunities fall into fake jobs or business offers,92,89,73,85,61,"Listing verification, recruiter proofing, and payout-safe workflows."
rentals--rental_listing_fraud,Rental Listings,housing,fraud,Users searching Rental Listings listings cannot tell fake inventory from real supply,91,76,67,80,56,"Listing authenticity scoring, owner proof, and anti-escrow fraud protections."
rentals--investment_scam,Rental Listings,housing,fraud,Users are lured into fake Rental Listings investment or yield schemes,100,88,63,85,49,"Investment verification rails, high-risk claim detection, and suspicious transfer intervention."
rentals--seller_trust_gap,Rental Listings,housing,marketplace,Users do not trust whether a Rental Listings seller or provider is real,88,79,79,83,66,"Seller trust graphs, transaction guarantees, and identity-backed reputation."
rentals--fake_reviews,Rental Listings,housing,trust,"Users cannot trust reviews, ratings, or testimonials in Rental Listings",82,72,82,80,71,"Review authenticity, verified outcomes, and anomaly-based reputation scoring."
rentals--delivery_confusion,Rental Listings,housing,operations,Users struggle to understand real delivery status in Rental Listings,80,72,81,78,75,"Verified status feeds, exception alerts, and unified tracking UX."
rentals--refund_delay,Rental Listings,housing,payments,Users cannot predict when Rental Listings refunds will actually arrive,84,70,77,79,77,"Refund timelines, bank-status translation, and self-serve refund intelligence."
rentals--billing_confusion,Rental Listings,housing,payments,"Users do not understand Rental Listings charges, renewals, or fee structure",86,73,80,81,79,"Explainable billing, charge provenance, and proactive anomaly notices."
rentals--subscription_cancellation,Rental Listings,housing,payments,Users cannot cancel or downgrade Rental Listings subscriptions cleanly,79,69,75,75,72,"Transparent offboarding, downgrade alternatives, and friction analytics."
rentals--account_takeover,Rental Listings,housing,identity,Users lose access to Rental Listings accounts through takeover or session theft,99,90,70,88,69,"Session risk scoring, recovery hardening, and impossible-travel style anomaly controls."
rentals--password_reset_pain,Rental Listings,housing,identity,Users hit dead ends in Rental Listings password reset and recovery flows,77,72,78,77,74,"Adaptive recovery routing, identity proofing, and state-aware help flows."
rentals--otp_mfa_fatigue,Rental Listings,housing,identity,Users in Rental Listings face OTP and MFA fatigue without feeling truly protected,83,69,68,76,67,"Phishing-resistant auth, prompt abuse detection, and human-readable risk cues."
rentals--support_wait_time,Rental Listings,housing,support,Users cannot reach useful human support quickly in Rental Listings,85,71,83,81,80,"Intent-aware routing, better escalation triggers, and queue transparency."
rentals--self_service_failure,Rental Listings,housing,support,Users try self-service in Rental Listings but still end up stuck,81,71,84,80,86,"Resolution-focused knowledge design, step validation, and failure-loop analytics."
rentals--ai_handoff_gap,Rental Listings,housing,support,Users in Rental Listings get trapped between AI help and human help,84,78,76,82,92,"Conversation memory, escalation contracts, and bot-to-human state transfer."
rentals--feedback_void,Rental Listings,housing,support,Users report problems in Rental Listings but feel nothing changes,72,65,72,71,70,Closed-loop feedback orchestration and action-trace dashboards.
rentals--privacy_transparency_gap,Rental Listings,housing,privacy,Users do not understand how Rental Listings uses personal data,78,62,74,74,71,"Plain-language data notices, purpose-level controls, and permission history."
rentals--onboarding_dropoff,Rental Listings,housing,conversion,Users abandon Rental Listings onboarding before seeing value,76,65,81,77,78,"Risk-adaptive onboarding, progressive profiling, and abandonment analytics."
rentals--checkout_abandonment,Rental Listings,housing,conversion,Users in Rental Listings abandon checkout when trust or cost changes too late,82,72,79,81,76,"Transparent checkout, pre-verified totals, and trust-state messaging."
rentals--hidden_fees,Rental Listings,housing,payments,Users discover hidden or confusing fees in Rental Listings too late,80,71,73,77,70,"Price breakdowns, fee explainers, and cost-delta warnings."
rentals--official_channel_confusion,Rental Listings,housing,trust,Users cannot tell which Rental Listings channels are official and safe,93,88,75,85,62,"Official-channel registries, signed notifications, and trust-verification UX."
rentals--knowledge_fragmentation,Rental Listings,housing,support,"Users in Rental Listings get contradictory answers across help content, AI, and agents",77,63,71,73,84,"Unified knowledge graph, answer verification, and source-aware support systems."
rentals--identity_proofing_friction,Rental Listings,housing,identity,Legitimate users in Rental Listings fail identity proofing while fraudsters still slip through,89,75,65,80,73,"Adaptive proofing, low-friction trust signals, and fallback recovery lanes."
home_services--imposter_scam,Home Services,housing,fraud,Users cannot tell real Home Services outreach from imposter scams,79,83,83,82,60,"Trust verification layer, message provenance, and outbound notice registry."
home_services--social_media_scam,Home Services,housing,fraud,Users get pulled from social feeds into fake Home Services offers,76,84,88,82,55,"Link reputation, seller verification, and ad-to-checkout risk scoring."
home_services--deepfake_voice_fraud,Home Services,housing,fraud,Users are vulnerable to deepfake or voice-clone fraud in Home Services,80,90,70,82,49,"Out-of-band verification, secure callback flows, and synthetic-media detection."
home_services--phishing_login_flow,Home Services,housing,identity,Users are tricked into phishing flows that mimic official Home Services login pages,81,94,77,84,54,"Phishing-resistant authentication, origin validation, and login anomaly detection."
home_services--job_opportunity_trap,Home Services,housing,fraud,Users chasing Home Services opportunities fall into fake jobs or business offers,74,89,75,79,57,"Listing verification, recruiter proofing, and payout-safe workflows."
home_services--rental_listing_fraud,Home Services,housing,fraud,Users searching Home Services listings cannot tell fake inventory from real supply,73,76,69,74,53,"Listing authenticity scoring, owner proof, and anti-escrow fraud protections."
home_services--investment_scam,Home Services,housing,fraud,Users are lured into fake Home Services investment or yield schemes,82,88,64,79,46,"Investment verification rails, high-risk claim detection, and suspicious transfer intervention."
home_services--seller_trust_gap,Home Services,housing,marketplace,Users do not trust whether a Home Services seller or provider is real,71,79,81,78,62,"Seller trust graphs, transaction guarantees, and identity-backed reputation."
home_services--fake_reviews,Home Services,housing,trust,"Users cannot trust reviews, ratings, or testimonials in Home Services",66,72,84,75,67,"Review authenticity, verified outcomes, and anomaly-based reputation scoring."
home_services--delivery_confusion,Home Services,housing,operations,Users struggle to understand real delivery status in Home Services,64,72,83,73,70,"Verified status feeds, exception alerts, and unified tracking UX."
home_services--refund_delay,Home Services,housing,payments,Users cannot predict when Home Services refunds will actually arrive,67,70,79,74,72,"Refund timelines, bank-status translation, and self-serve refund intelligence."
home_services--billing_confusion,Home Services,housing,payments,"Users do not understand Home Services charges, renewals, or fee structure",69,73,82,76,74,"Explainable billing, charge provenance, and proactive anomaly notices."
home_services--subscription_cancellation,Home Services,housing,payments,Users cannot cancel or downgrade Home Services subscriptions cleanly,63,69,77,70,68,"Transparent offboarding, downgrade alternatives, and friction analytics."
home_services--account_takeover,Home Services,housing,identity,Users lose access to Home Services accounts through takeover or session theft,79,90,72,82,65,"Session risk scoring, recovery hardening, and impossible-travel style anomaly controls."
home_services--password_reset_pain,Home Services,housing,identity,Users hit dead ends in Home Services password reset and recovery flows,61,72,80,72,70,"Adaptive recovery routing, identity proofing, and state-aware help flows."
home_services--otp_mfa_fatigue,Home Services,housing,identity,Users in Home Services face OTP and MFA fatigue without feeling truly protected,66,69,70,70,63,"Phishing-resistant auth, prompt abuse detection, and human-readable risk cues."
home_services--support_wait_time,Home Services,housing,support,Users cannot reach useful human support quickly in Home Services,68,71,85,76,75,"Intent-aware routing, better escalation triggers, and queue transparency."
home_services--self_service_failure,Home Services,housing,support,Users try self-service in Home Services but still end up stuck,65,71,86,75,81,"Resolution-focused knowledge design, step validation, and failure-loop analytics."
home_services--ai_handoff_gap,Home Services,housing,support,Users in Home Services get trapped between AI help and human help,67,78,78,76,86,"Conversation memory, escalation contracts, and bot-to-human state transfer."
home_services--feedback_void,Home Services,housing,support,Users report problems in Home Services but feel nothing changes,58,65,74,67,66,Closed-loop feedback orchestration and action-trace dashboards.
home_services--privacy_transparency_gap,Home Services,housing,privacy,Users do not understand how Home Services uses personal data,62,62,76,69,67,"Plain-language data notices, purpose-level controls, and permission history."
home_services--onboarding_dropoff,Home Services,housing,conversion,Users abandon Home Services onboarding before seeing value,60,65,83,72,73,"Risk-adaptive onboarding, progressive profiling, and abandonment analytics."
home_services--checkout_abandonment,Home Services,housing,conversion,Users in Home Services abandon checkout when trust or cost changes too late,66,72,81,76,71,"Transparent checkout, pre-verified totals, and trust-state messaging."
home_services--hidden_fees,Home Services,housing,payments,Users discover hidden or confusing fees in Home Services too late,64,71,75,72,66,"Price breakdowns, fee explainers, and cost-delta warnings."
home_services--official_channel_confusion,Home Services,housing,trust,Users cannot tell which Home Services channels are official and safe,75,88,77,80,58,"Official-channel registries, signed notifications, and trust-verification UX."
home_services--knowledge_fragmentation,Home Services,housing,support,"Users in Home Services get contradictory answers across help content, AI, and agents",61,63,73,68,79,"Unified knowledge graph, answer verification, and source-aware support systems."
home_services--identity_proofing_friction,Home Services,housing,identity,Legitimate users in Home Services fail identity proofing while fraudsters still slip through,71,75,67,75,69,"Adaptive proofing, low-friction trust signals, and fallback recovery lanes."
government--imposter_scam,Government Services,public,fraud,Users cannot tell real Government Services outreach from imposter scams,82,83,85,83,62,"Trust verification layer, message provenance, and outbound notice registry."
government--social_media_scam,Government Services,public,fraud,Users get pulled from social feeds into fake Government Services offers,80,84,90,83,57,"Link reputation, seller verification, and ad-to-checkout risk scoring."
government--deepfake_voice_fraud,Government Services,public,fraud,Users are vulnerable to deepfake or voice-clone fraud in Government Services,83,90,72,83,50,"Out-of-band verification, secure callback flows, and synthetic-media detection."
government--phishing_login_flow,Government Services,public,identity,Users are tricked into phishing flows that mimic official Government Services login pages,84,94,79,85,55,"Phishing-resistant authentication, origin validation, and login anomaly detection."
government--job_opportunity_trap,Government Services,public,fraud,Users chasing Government Services opportunities fall into fake jobs or business offers,77,89,77,81,59,"Listing verification, recruiter proofing, and payout-safe workflows."
government--rental_listing_fraud,Government Services,public,fraud,Users searching Government Services listings cannot tell fake inventory from real supply,76,76,71,75,54,"Listing authenticity scoring, owner proof, and anti-escrow fraud protections."
government--investment_scam,Government Services,public,fraud,Users are lured into fake Government Services investment or yield schemes,86,88,66,81,48,"Investment verification rails, high-risk claim detection, and suspicious transfer intervention."
government--seller_trust_gap,Government Services,public,marketplace,Users do not trust whether a Government Services seller or provider is real,74,79,83,79,64,"Seller trust graphs, transaction guarantees, and identity-backed reputation."
government--fake_reviews,Government Services,public,trust,"Users cannot trust reviews, ratings, or testimonials in Government Services",68,72,86,76,69,"Review authenticity, verified outcomes, and anomaly-based reputation scoring."
government--delivery_confusion,Government Services,public,operations,Users struggle to understand real delivery status in Government Services,66,72,85,74,73,"Verified status feeds, exception alerts, and unified tracking UX."
government--refund_delay,Government Services,public,payments,Users cannot predict when Government Services refunds will actually arrive,70,70,81,75,75,"Refund timelines, bank-status translation, and self-serve refund intelligence."
government--billing_confusion,Government Services,public,payments,"Users do not understand Government Services charges, renewals, or fee structure",72,73,84,77,77,"Explainable billing, charge provenance, and proactive anomaly notices."
government--subscription_cancellation,Government Services,public,payments,Users cannot cancel or downgrade Government Services subscriptions cleanly,66,69,80,71,70,"Transparent offboarding, downgrade alternatives, and friction analytics."
government--account_takeover,Government Services,public,identity,Users lose access to Government Services accounts through takeover or session theft,82,90,74,83,67,"Session risk scoring, recovery hardening, and impossible-travel style anomaly controls."
government--password_reset_pain,Government Services,public,identity,Users hit dead ends in Government Services password reset and recovery flows,64,72,82,73,72,"Adaptive recovery routing, identity proofing, and state-aware help flows."
government--otp_mfa_fatigue,Government Services,public,identity,Users in Government Services face OTP and MFA fatigue without feeling truly protected,69,69,72,72,65,"Phishing-resistant auth, prompt abuse detection, and human-readable risk cues."
government--support_wait_time,Government Services,public,support,Users cannot reach useful human support quickly in Government Services,71,71,87,77,78,"Intent-aware routing, better escalation triggers, and queue transparency."
government--self_service_failure,Government Services,public,support,Users try self-service in Government Services but still end up stuck,67,71,88,76,83,"Resolution-focused knowledge design, step validation, and failure-loop analytics."
government--ai_handoff_gap,Government Services,public,support,Users in Government Services get trapped between AI help and human help,70,78,81,78,89,"Conversation memory, escalation contracts, and bot-to-human state transfer."
government--feedback_void,Government Services,public,support,Users report problems in Government Services but feel nothing changes,60,65,76,68,68,Closed-loop feedback orchestration and action-trace dashboards.
government--privacy_transparency_gap,Government Services,public,privacy,Users do not understand how Government Services uses personal data,65,62,78,71,69,"Plain-language data notices, purpose-level controls, and permission history."
government--onboarding_dropoff,Government Services,public,conversion,Users abandon Government Services onboarding before seeing value,63,65,85,74,76,"Risk-adaptive onboarding, progressive profiling, and abandonment analytics."
government--checkout_abandonment,Government Services,public,conversion,Users in Government Services abandon checkout when trust or cost changes too late,68,72,83,77,74,"Transparent checkout, pre-verified totals, and trust-state messaging."
government--hidden_fees,Government Services,public,payments,Users discover hidden or confusing fees in Government Services too late,66,71,77,73,68,"Price breakdowns, fee explainers, and cost-delta warnings."
government--official_channel_confusion,Government Services,public,trust,Users cannot tell which Government Services channels are official and safe,78,88,80,81,60,"Official-channel registries, signed notifications, and trust-verification UX."
government--knowledge_fragmentation,Government Services,public,support,"Users in Government Services get contradictory answers across help content, AI, and agents",64,63,75,69,81,"Unified knowledge graph, answer verification, and source-aware support systems."
government--identity_proofing_friction,Government Services,public,identity,Legitimate users in Government Services fail identity proofing while fraudsters still slip through,74,75,69,76,71,"Adaptive proofing, low-friction trust signals, and fallback recovery lanes."
utilities--imposter_scam,Utilities,public,fraud,Users cannot tell real Utilities outreach from imposter scams,86,83,88,85,64,"Trust verification layer, message provenance, and outbound notice registry."
utilities--social_media_scam,Utilities,public,fraud,Users get pulled from social feeds into fake Utilities offers,83,84,93,85,59,"Link reputation, seller verification, and ad-to-checkout risk scoring."
utilities--deepfake_voice_fraud,Utilities,public,fraud,Users are vulnerable to deepfake or voice-clone fraud in Utilities,86,90,74,85,52,"Out-of-band verification, secure callback flows, and synthetic-media detection."
utilities--phishing_login_flow,Utilities,public,identity,Users are tricked into phishing flows that mimic official Utilities login pages,87,94,81,87,57,"Phishing-resistant authentication, origin validation, and login anomaly detection."
utilities--job_opportunity_trap,Utilities,public,fraud,Users chasing Utilities opportunities fall into fake jobs or business offers,80,89,79,82,61,"Listing verification, recruiter proofing, and payout-safe workflows."
utilities--rental_listing_fraud,Utilities,public,fraud,Users searching Utilities listings cannot tell fake inventory from real supply,79,76,73,77,56,"Listing authenticity scoring, owner proof, and anti-escrow fraud protections."
utilities--investment_scam,Utilities,public,fraud,Users are lured into fake Utilities investment or yield schemes,89,88,68,82,49,"Investment verification rails, high-risk claim detection, and suspicious transfer intervention."
utilities--seller_trust_gap,Utilities,public,marketplace,Users do not trust whether a Utilities seller or provider is real,76,79,86,81,66,"Seller trust graphs, transaction guarantees, and identity-backed reputation."
utilities--fake_reviews,Utilities,public,trust,"Users cannot trust reviews, ratings, or testimonials in Utilities",71,72,89,77,71,"Review authenticity, verified outcomes, and anomaly-based reputation scoring."
utilities--delivery_confusion,Utilities,public,operations,Users struggle to understand real delivery status in Utilities,69,72,88,76,75,"Verified status feeds, exception alerts, and unified tracking UX."
utilities--refund_delay,Utilities,public,payments,Users cannot predict when Utilities refunds will actually arrive,73,70,84,77,77,"Refund timelines, bank-status translation, and self-serve refund intelligence."
utilities--billing_confusion,Utilities,public,payments,"Users do not understand Utilities charges, renewals, or fee structure",75,73,87,79,79,"Explainable billing, charge provenance, and proactive anomaly notices."
utilities--subscription_cancellation,Utilities,public,payments,Users cannot cancel or downgrade Utilities subscriptions cleanly,68,69,82,72,72,"Transparent offboarding, downgrade alternatives, and friction analytics."
utilities--account_takeover,Utilities,public,identity,Users lose access to Utilities accounts through takeover or session theft,86,90,76,85,69,"Session risk scoring, recovery hardening, and impossible-travel style anomaly controls."
utilities--password_reset_pain,Utilities,public,identity,Users hit dead ends in Utilities password reset and recovery flows,66,72,85,75,74,"Adaptive recovery routing, identity proofing, and state-aware help flows."
utilities--otp_mfa_fatigue,Utilities,public,identity,Users in Utilities face OTP and MFA fatigue without feeling truly protected,72,69,74,73,67,"Phishing-resistant auth, prompt abuse detection, and human-readable risk cues."
utilities--support_wait_time,Utilities,public,support,Users cannot reach useful human support quickly in Utilities,74,71,90,79,80,"Intent-aware routing, better escalation triggers, and queue transparency."
utilities--self_service_failure,Utilities,public,support,Users try self-service in Utilities but still end up stuck,70,71,91,78,86,"Resolution-focused knowledge design, step validation, and failure-loop analytics."
utilities--ai_handoff_gap,Utilities,public,support,Users in Utilities get trapped between AI help and human help,73,78,83,79,92,"Conversation memory, escalation contracts, and bot-to-human state transfer."
utilities--feedback_void,Utilities,public,support,Users report problems in Utilities but feel nothing changes,63,65,78,69,70,Closed-loop feedback orchestration and action-trace dashboards.
utilities--privacy_transparency_gap,Utilities,public,privacy,Users do not understand how Utilities uses personal data,67,62,80,72,71,"Plain-language data notices, purpose-level controls, and permission history."
utilities--onboarding_dropoff,Utilities,public,conversion,Users abandon Utilities onboarding before seeing value,66,65,88,75,78,"Risk-adaptive onboarding, progressive profiling, and abandonment analytics."
utilities--checkout_abandonment,Utilities,public,conversion,Users in Utilities abandon checkout when trust or cost changes too late,71,72,86,79,76,"Transparent checkout, pre-verified totals, and trust-state messaging."
utilities--hidden_fees,Utilities,public,payments,Users discover hidden or confusing fees in Utilities too late,69,71,79,74,70,"Price breakdowns, fee explainers, and cost-delta warnings."
utilities--official_channel_confusion,Utilities,public,trust,Users cannot tell which Utilities channels are official and safe,81,88,82,83,62,"Official-channel registries, signed notifications, and trust-verification UX."
utilities--knowledge_fragmentation,Utilities,public,support,"Users in Utilities get contradictory answers across help content, AI, and agents",66,63,77,70,84,"Unified knowledge graph, answer verification, and source-aware support systems."
utilities--identity_proofing_friction,Utilities,public,identity,Legitimate users in Utilities fail identity proofing while fraudsters still slip through,77,75,71,77,73,"Adaptive proofing, low-friction trust signals, and fallback recovery lanes."
telecom--imposter_scam,Telecom,infrastructure,fraud,Users cannot tell real Telecom outreach from imposter scams,89,83,81,85,60,"Trust verification layer, message provenance, and outbound notice registry."
telecom--social_media_scam,Telecom,infrastructure,fraud,Users get pulled from social feeds into fake Telecom offers,86,84,86,85,55,"Link reputation, seller verification, and ad-to-checkout risk scoring."
telecom--deepfake_voice_fraud,Telecom,infrastructure,fraud,Users are vulnerable to deepfake or voice-clone fraud in Telecom,90,90,68,85,49,"Out-of-band verification, secure callback flows, and synthetic-media detection."
telecom--phishing_login_flow,Telecom,infrastructure,identity,Users are tricked into phishing flows that mimic official Telecom login pages,91,94,75,87,54,"Phishing-resistant authentication, origin validation, and login anomaly detection."
telecom--job_opportunity_trap,Telecom,infrastructure,fraud,Users chasing Telecom opportunities fall into fake jobs or business offers,83,89,73,82,57,"Listing verification, recruiter proofing, and payout-safe workflows."
telecom--rental_listing_fraud,Telecom,infrastructure,fraud,Users searching Telecom listings cannot tell fake inventory from real supply,82,76,67,77,53,"Listing authenticity scoring, owner proof, and anti-escrow fraud protections."
telecom--investment_scam,Telecom,infrastructure,fraud,Users are lured into fake Telecom investment or yield schemes,93,88,63,83,46,"Investment verification rails, high-risk claim detection, and suspicious transfer intervention."
telecom--seller_trust_gap,Telecom,infrastructure,marketplace,Users do not trust whether a Telecom seller or provider is real,79,79,79,80,62,"Seller trust graphs, transaction guarantees, and identity-backed reputation."
telecom--fake_reviews,Telecom,infrastructure,trust,"Users cannot trust reviews, ratings, or testimonials in Telecom",74,72,82,77,67,"Review authenticity, verified outcomes, and anomaly-based reputation scoring."
telecom--delivery_confusion,Telecom,infrastructure,operations,Users struggle to understand real delivery status in Telecom,72,72,81,75,70,"Verified status feeds, exception alerts, and unified tracking UX."
telecom--refund_delay,Telecom,infrastructure,payments,Users cannot predict when Telecom refunds will actually arrive,76,70,77,76,72,"Refund timelines, bank-status translation, and self-serve refund intelligence."
telecom--billing_confusion,Telecom,infrastructure,payments,"Users do not understand Telecom charges, renewals, or fee structure",77,73,80,78,74,"Explainable billing, charge provenance, and proactive anomaly notices."
telecom--subscription_cancellation,Telecom,infrastructure,payments,Users cannot cancel or downgrade Telecom subscriptions cleanly,71,69,75,72,68,"Transparent offboarding, downgrade alternatives, and friction analytics."
telecom--account_takeover,Telecom,infrastructure,identity,Users lose access to Telecom accounts through takeover or session theft,89,90,70,85,65,"Session risk scoring, recovery hardening, and impossible-travel style anomaly controls."
telecom--password_reset_pain,Telecom,infrastructure,identity,Users hit dead ends in Telecom password reset and recovery flows,69,72,78,74,70,"Adaptive recovery routing, identity proofing, and state-aware help flows."
telecom--otp_mfa_fatigue,Telecom,infrastructure,identity,Users in Telecom face OTP and MFA fatigue without feeling truly protected,75,69,68,73,63,"Phishing-resistant auth, prompt abuse detection, and human-readable risk cues."
telecom--support_wait_time,Telecom,infrastructure,support,Users cannot reach useful human support quickly in Telecom,77,71,83,79,75,"Intent-aware routing, better escalation triggers, and queue transparency."
telecom--self_service_failure,Telecom,infrastructure,support,Users try self-service in Telecom but still end up stuck,73,71,84,77,81,"Resolution-focused knowledge design, step validation, and failure-loop analytics."
telecom--ai_handoff_gap,Telecom,infrastructure,support,Users in Telecom get trapped between AI help and human help,76,78,76,79,86,"Conversation memory, escalation contracts, and bot-to-human state transfer."
telecom--feedback_void,Telecom,infrastructure,support,Users report problems in Telecom but feel nothing changes,65,65,72,69,66,Closed-loop feedback orchestration and action-trace dashboards.
telecom--privacy_transparency_gap,Telecom,infrastructure,privacy,Users do not understand how Telecom uses personal data,70,62,74,72,67,"Plain-language data notices, purpose-level controls, and permission history."
telecom--onboarding_dropoff,Telecom,infrastructure,conversion,Users abandon Telecom onboarding before seeing value,68,65,81,75,73,"Risk-adaptive onboarding, progressive profiling, and abandonment analytics."
telecom--checkout_abandonment,Telecom,infrastructure,conversion,Users in Telecom abandon checkout when trust or cost changes too late,74,72,79,78,71,"Transparent checkout, pre-verified totals, and trust-state messaging."
telecom--hidden_fees,Telecom,infrastructure,payments,Users discover hidden or confusing fees in Telecom too late,72,71,73,74,66,"Price breakdowns, fee explainers, and cost-delta warnings."
telecom--official_channel_confusion,Telecom,infrastructure,trust,Users cannot tell which Telecom channels are official and safe,84,88,75,82,58,"Official-channel registries, signed notifications, and trust-verification UX."
telecom--knowledge_fragmentation,Telecom,infrastructure,support,"Users in Telecom get contradictory answers across help content, AI, and agents",69,63,71,70,79,"Unified knowledge graph, answer verification, and source-aware support systems."
telecom--identity_proofing_friction,Telecom,infrastructure,identity,Legitimate users in Telecom fail identity proofing while fraudsters still slip through,80,75,65,77,69,"Adaptive proofing, low-friction trust signals, and fallback recovery lanes."
saas--imposter_scam,SaaS,software,fraud,Users cannot tell real SaaS outreach from imposter scams,92,83,83,86,62,"Trust verification layer, message provenance, and outbound notice registry."
saas--social_media_scam,SaaS,software,fraud,Users get pulled from social feeds into fake SaaS offers,89,84,88,86,57,"Link reputation, seller verification, and ad-to-checkout risk scoring."
saas--deepfake_voice_fraud,SaaS,software,fraud,Users are vulnerable to deepfake or voice-clone fraud in SaaS,93,90,70,86,50,"Out-of-band verification, secure callback flows, and synthetic-media detection."
saas--phishing_login_flow,SaaS,software,identity,Users are tricked into phishing flows that mimic official SaaS login pages,94,94,77,88,55,"Phishing-resistant authentication, origin validation, and login anomaly detection."
saas--job_opportunity_trap,SaaS,software,fraud,Users chasing SaaS opportunities fall into fake jobs or business offers,86,89,75,83,59,"Listing verification, recruiter proofing, and payout-safe workflows."
saas--rental_listing_fraud,SaaS,software,fraud,Users searching SaaS listings cannot tell fake inventory from real supply,85,76,69,78,54,"Listing authenticity scoring, owner proof, and anti-escrow fraud protections."
saas--investment_scam,SaaS,software,fraud,Users are lured into fake SaaS investment or yield schemes,96,88,64,84,48,"Investment verification rails, high-risk claim detection, and suspicious transfer intervention."
saas--seller_trust_gap,SaaS,software,marketplace,Users do not trust whether a SaaS seller or provider is real,82,79,81,82,64,"Seller trust graphs, transaction guarantees, and identity-backed reputation."
saas--fake_reviews,SaaS,software,trust,"Users cannot trust reviews, ratings, or testimonials in SaaS",76,72,84,78,69,"Review authenticity, verified outcomes, and anomaly-based reputation scoring."
saas--delivery_confusion,SaaS,software,operations,Users struggle to understand real delivery status in SaaS,74,72,83,76,73,"Verified status feeds, exception alerts, and unified tracking UX."
saas--refund_delay,SaaS,software,payments,Users cannot predict when SaaS refunds will actually arrive,78,70,79,78,75,"Refund timelines, bank-status translation, and self-serve refund intelligence."
saas--billing_confusion,SaaS,software,payments,"Users do not understand SaaS charges, renewals, or fee structure",80,73,82,80,77,"Explainable billing, charge provenance, and proactive anomaly notices."
saas--subscription_cancellation,SaaS,software,payments,Users cannot cancel or downgrade SaaS subscriptions cleanly,74,69,77,73,70,"Transparent offboarding, downgrade alternatives, and friction analytics."
saas--account_takeover,SaaS,software,identity,Users lose access to SaaS accounts through takeover or session theft,92,90,72,86,67,"Session risk scoring, recovery hardening, and impossible-travel style anomaly controls."
saas--password_reset_pain,SaaS,software,identity,Users hit dead ends in SaaS password reset and recovery flows,72,72,80,76,72,"Adaptive recovery routing, identity proofing, and state-aware help flows."
saas--otp_mfa_fatigue,SaaS,software,identity,Users in SaaS face OTP and MFA fatigue without feeling truly protected,77,69,70,74,65,"Phishing-resistant auth, prompt abuse detection, and human-readable risk cues."
saas--support_wait_time,SaaS,software,support,Users cannot reach useful human support quickly in SaaS,79,71,85,80,78,"Intent-aware routing, better escalation triggers, and queue transparency."
saas--self_service_failure,SaaS,software,support,Users try self-service in SaaS but still end up stuck,75,71,86,78,83,"Resolution-focused knowledge design, step validation, and failure-loop analytics."
saas--ai_handoff_gap,SaaS,software,support,Users in SaaS get trapped between AI help and human help,78,78,78,80,89,"Conversation memory, escalation contracts, and bot-to-human state transfer."
saas--feedback_void,SaaS,software,support,Users report problems in SaaS but feel nothing changes,68,65,74,70,68,Closed-loop feedback orchestration and action-trace dashboards.
saas--privacy_transparency_gap,SaaS,software,privacy,Users do not understand how SaaS uses personal data,73,62,76,73,69,"Plain-language data notices, purpose-level controls, and permission history."
saas--onboarding_dropoff,SaaS,software,conversion,Users abandon SaaS onboarding before seeing value,71,65,83,76,76,"Risk-adaptive onboarding, progressive profiling, and abandonment analytics."
saas--checkout_abandonment,SaaS,software,conversion,Users in SaaS abandon checkout when trust or cost changes too late,76,72,81,80,74,"Transparent checkout, pre-verified totals, and trust-state messaging."
saas--hidden_fees,SaaS,software,payments,Users discover hidden or confusing fees in SaaS too late,74,71,75,75,68,"Price breakdowns, fee explainers, and cost-delta warnings."
saas--official_channel_confusion,SaaS,software,trust,Users cannot tell which SaaS channels are official and safe,87,88,77,84,60,"Official-channel registries, signed notifications, and trust-verification UX."
saas--knowledge_fragmentation,SaaS,software,support,"Users in SaaS get contradictory answers across help content, AI, and agents",72,63,73,72,81,"Unified knowledge graph, answer verification, and source-aware support systems."
saas--identity_proofing_friction,SaaS,software,identity,Legitimate users in SaaS fail identity proofing while fraudsters still slip through,83,75,67,79,71,"Adaptive proofing, low-friction trust signals, and fallback recovery lanes."
developer_tools--imposter_scam,Developer Tools,software,fraud,Users cannot tell real Developer Tools outreach from imposter scams,95,83,85,87,64,"Trust verification layer, message provenance, and outbound notice registry."
developer_tools--social_media_scam,Developer Tools,software,fraud,Users get pulled from social feeds into fake Developer Tools offers,92,84,90,87,59,"Link reputation, seller verification, and ad-to-checkout risk scoring."
developer_tools--deepfake_voice_fraud,Developer Tools,software,fraud,Users are vulnerable to deepfake or voice-clone fraud in Developer Tools,96,90,72,88,52,"Out-of-band verification, secure callback flows, and synthetic-media detection."
developer_tools--phishing_login_flow,Developer Tools,software,identity,Users are tricked into phishing flows that mimic official Developer Tools login pages,97,94,79,90,57,"Phishing-resistant authentication, origin validation, and login anomaly detection."
developer_tools--job_opportunity_trap,Developer Tools,software,fraud,Users chasing Developer Tools opportunities fall into fake jobs or business offers,89,89,77,85,61,"Listing verification, recruiter proofing, and payout-safe workflows."
developer_tools--rental_listing_fraud,Developer Tools,software,fraud,Users searching Developer Tools listings cannot tell fake inventory from real supply,88,76,71,80,56,"Listing authenticity scoring, owner proof, and anti-escrow fraud protections."
developer_tools--investment_scam,Developer Tools,software,fraud,Users are lured into fake Developer Tools investment or yield schemes,99,88,66,86,49,"Investment verification rails, high-risk claim detection, and suspicious transfer intervention."
developer_tools--seller_trust_gap,Developer Tools,software,marketplace,Users do not trust whether a Developer Tools seller or provider is real,85,79,83,83,66,"Seller trust graphs, transaction guarantees, and identity-backed reputation."
developer_tools--fake_reviews,Developer Tools,software,trust,"Users cannot trust reviews, ratings, or testimonials in Developer Tools",79,72,86,79,71,"Review authenticity, verified outcomes, and anomaly-based reputation scoring."
developer_tools--delivery_confusion,Developer Tools,software,operations,Users struggle to understand real delivery status in Developer Tools,77,72,85,78,75,"Verified status feeds, exception alerts, and unified tracking UX."
developer_tools--refund_delay,Developer Tools,software,payments,Users cannot predict when Developer Tools refunds will actually arrive,81,70,81,79,77,"Refund timelines, bank-status translation, and self-serve refund intelligence."
developer_tools--billing_confusion,Developer Tools,software,payments,"Users do not understand Developer Tools charges, renewals, or fee structure",83,73,84,81,79,"Explainable billing, charge provenance, and proactive anomaly notices."
developer_tools--subscription_cancellation,Developer Tools,software,payments,Users cannot cancel or downgrade Developer Tools subscriptions cleanly,76,69,80,75,72,"Transparent offboarding, downgrade alternatives, and friction analytics."
developer_tools--account_takeover,Developer Tools,software,identity,Users lose access to Developer Tools accounts through takeover or session theft,95,90,74,88,69,"Session risk scoring, recovery hardening, and impossible-travel style anomaly controls."
developer_tools--password_reset_pain,Developer Tools,software,identity,Users hit dead ends in Developer Tools password reset and recovery flows,74,72,82,77,74,"Adaptive recovery routing, identity proofing, and state-aware help flows."
developer_tools--otp_mfa_fatigue,Developer Tools,software,identity,Users in Developer Tools face OTP and MFA fatigue without feeling truly protected,80,69,72,75,67,"Phishing-resistant auth, prompt abuse detection, and human-readable risk cues."
developer_tools--support_wait_time,Developer Tools,software,support,Users cannot reach useful human support quickly in Developer Tools,82,71,87,81,80,"Intent-aware routing, better escalation triggers, and queue transparency."
developer_tools--self_service_failure,Developer Tools,software,support,Users try self-service in Developer Tools but still end up stuck,78,71,88,80,86,"Resolution-focused knowledge design, step validation, and failure-loop analytics."
developer_tools--ai_handoff_gap,Developer Tools,software,support,Users in Developer Tools get trapped between AI help and human help,81,78,81,82,92,"Conversation memory, escalation contracts, and bot-to-human state transfer."
developer_tools--feedback_void,Developer Tools,software,support,Users report problems in Developer Tools but feel nothing changes,70,65,76,71,70,Closed-loop feedback orchestration and action-trace dashboards.
developer_tools--privacy_transparency_gap,Developer Tools,software,privacy,Users do not understand how Developer Tools uses personal data,75,62,78,74,71,"Plain-language data notices, purpose-level controls, and permission history."
developer_tools--onboarding_dropoff,Developer Tools,software,conversion,Users abandon Developer Tools onboarding before seeing value,73,65,85,77,78,"Risk-adaptive onboarding, progressive profiling, and abandonment analytics."
developer_tools--checkout_abandonment,Developer Tools,software,conversion,Users in Developer Tools abandon checkout when trust or cost changes too late,79,72,83,81,76,"Transparent checkout, pre-verified totals, and trust-state messaging."
developer_tools--hidden_fees,Developer Tools,software,payments,Users discover hidden or confusing fees in Developer Tools too late,77,71,77,77,70,"Price breakdowns, fee explainers, and cost-delta warnings."
developer_tools--official_channel_confusion,Developer Tools,software,trust,Users cannot tell which Developer Tools channels are official and safe,90,88,80,85,62,"Official-channel registries, signed notifications, and trust-verification UX."
developer_tools--knowledge_fragmentation,Developer Tools,software,support,"Users in Developer Tools get contradictory answers across help content, AI, and agents",74,63,75,73,84,"Unified knowledge graph, answer verification, and source-aware support systems."
developer_tools--identity_proofing_friction,Developer Tools,software,identity,Legitimate users in Developer Tools fail identity proofing while fraudsters still slip through,86,75,69,80,73,"Adaptive proofing, low-friction trust signals, and fallback recovery lanes."
streaming--imposter_scam,Streaming,media,fraud,Users cannot tell real Streaming outreach from imposter scams,99,83,88,89,60,"Trust verification layer, message provenance, and outbound notice registry."
streaming--social_media_scam,Streaming,media,fraud,Users get pulled from social feeds into fake Streaming offers,96,84,93,89,55,"Link reputation, seller verification, and ad-to-checkout risk scoring."
streaming--deepfake_voice_fraud,Streaming,media,fraud,Users are vulnerable to deepfake or voice-clone fraud in Streaming,100,90,74,89,49,"Out-of-band verification, secure callback flows, and synthetic-media detection."
streaming--phishing_login_flow,Streaming,media,identity,Users are tricked into phishing flows that mimic official Streaming login pages,100,94,81,91,54,"Phishing-resistant authentication, origin validation, and login anomaly detection."
streaming--job_opportunity_trap,Streaming,media,fraud,Users chasing Streaming opportunities fall into fake jobs or business offers,92,89,79,86,57,"Listing verification, recruiter proofing, and payout-safe workflows."
streaming--rental_listing_fraud,Streaming,media,fraud,Users searching Streaming listings cannot tell fake inventory from real supply,91,76,73,81,53,"Listing authenticity scoring, owner proof, and anti-escrow fraud protections."
streaming--investment_scam,Streaming,media,fraud,Users are lured into fake Streaming investment or yield schemes,100,88,68,86,46,"Investment verification rails, high-risk claim detection, and suspicious transfer intervention."
streaming--seller_trust_gap,Streaming,media,marketplace,Users do not trust whether a Streaming seller or provider is real,88,79,86,85,62,"Seller trust graphs, transaction guarantees, and identity-backed reputation."
streaming--fake_reviews,Streaming,media,trust,"Users cannot trust reviews, ratings, or testimonials in Streaming",82,72,89,81,67,"Review authenticity, verified outcomes, and anomaly-based reputation scoring."
streaming--delivery_confusion,Streaming,media,operations,Users struggle to understand real delivery status in Streaming,80,72,88,80,70,"Verified status feeds, exception alerts, and unified tracking UX."
streaming--refund_delay,Streaming,media,payments,Users cannot predict when Streaming refunds will actually arrive,84,70,84,81,72,"Refund timelines, bank-status translation, and self-serve refund intelligence."
streaming--billing_confusion,Streaming,media,payments,"Users do not understand Streaming charges, renewals, or fee structure",86,73,87,83,74,"Explainable billing, charge provenance, and proactive anomaly notices."
streaming--subscription_cancellation,Streaming,media,payments,Users cannot cancel or downgrade Streaming subscriptions cleanly,79,69,82,76,68,"Transparent offboarding, downgrade alternatives, and friction analytics."
streaming--account_takeover,Streaming,media,identity,Users lose access to Streaming accounts through takeover or session theft,99,90,76,89,65,"Session risk scoring, recovery hardening, and impossible-travel style anomaly controls."
streaming--password_reset_pain,Streaming,media,identity,Users hit dead ends in Streaming password reset and recovery flows,77,72,85,78,70,"Adaptive recovery routing, identity proofing, and state-aware help flows."
streaming--otp_mfa_fatigue,Streaming,media,identity,Users in Streaming face OTP and MFA fatigue without feeling truly protected,83,69,74,77,63,"Phishing-resistant auth, prompt abuse detection, and human-readable risk cues."
streaming--support_wait_time,Streaming,media,support,Users cannot reach useful human support quickly in Streaming,85,71,90,83,75,"Intent-aware routing, better escalation triggers, and queue transparency."
streaming--self_service_failure,Streaming,media,support,Users try self-service in Streaming but still end up stuck,81,71,91,81,81,"Resolution-focused knowledge design, step validation, and failure-loop analytics."
streaming--ai_handoff_gap,Streaming,media,support,Users in Streaming get trapped between AI help and human help,84,78,83,83,86,"Conversation memory, escalation contracts, and bot-to-human state transfer."
streaming--feedback_void,Streaming,media,support,Users report problems in Streaming but feel nothing changes,72,65,78,73,66,Closed-loop feedback orchestration and action-trace dashboards.
streaming--privacy_transparency_gap,Streaming,media,privacy,Users do not understand how Streaming uses personal data,78,62,80,76,67,"Plain-language data notices, purpose-level controls, and permission history."
streaming--onboarding_dropoff,Streaming,media,conversion,Users abandon Streaming onboarding before seeing value,76,65,88,79,73,"Risk-adaptive onboarding, progressive profiling, and abandonment analytics."
streaming--checkout_abandonment,Streaming,media,conversion,Users in Streaming abandon checkout when trust or cost changes too late,82,72,86,83,71,"Transparent checkout, pre-verified totals, and trust-state messaging."
streaming--hidden_fees,Streaming,media,payments,Users discover hidden or confusing fees in Streaming too late,80,71,79,78,66,"Price breakdowns, fee explainers, and cost-delta warnings."
streaming--official_channel_confusion,Streaming,media,trust,Users cannot tell which Streaming channels are official and safe,93,88,82,87,58,"Official-channel registries, signed notifications, and trust-verification UX."
streaming--knowledge_fragmentation,Streaming,media,support,"Users in Streaming get contradictory answers across help content, AI, and agents",77,63,77,74,79,"Unified knowledge graph, answer verification, and source-aware support systems."
streaming--identity_proofing_friction,Streaming,media,identity,Legitimate users in Streaming fail identity proofing while fraudsters still slip through,89,75,71,81,69,"Adaptive proofing, low-friction trust signals, and fallback recovery lanes."
subscription_media--imposter_scam,Subscription Media,media,fraud,Users cannot tell real Subscription Media outreach from imposter scams,79,83,81,81,62,"Trust verification layer, message provenance, and outbound notice registry."
subscription_media--social_media_scam,Subscription Media,media,fraud,Users get pulled from social feeds into fake Subscription Media offers,76,84,86,81,57,"Link reputation, seller verification, and ad-to-checkout risk scoring."
subscription_media--deepfake_voice_fraud,Subscription Media,media,fraud,Users are vulnerable to deepfake or voice-clone fraud in Subscription Media,80,90,68,81,50,"Out-of-band verification, secure callback flows, and synthetic-media detection."
subscription_media--phishing_login_flow,Subscription Media,media,identity,Users are tricked into phishing flows that mimic official Subscription Media login pages,81,94,75,83,55,"Phishing-resistant authentication, origin validation, and login anomaly detection."
subscription_media--job_opportunity_trap,Subscription Media,media,fraud,Users chasing Subscription Media opportunities fall into fake jobs or business offers,74,89,73,79,59,"Listing verification, recruiter proofing, and payout-safe workflows."
subscription_media--rental_listing_fraud,Subscription Media,media,fraud,Users searching Subscription Media listings cannot tell fake inventory from real supply,73,76,67,74,54,"Listing authenticity scoring, owner proof, and anti-escrow fraud protections."
subscription_media--investment_scam,Subscription Media,media,fraud,Users are lured into fake Subscription Media investment or yield schemes,82,88,63,79,48,"Investment verification rails, high-risk claim detection, and suspicious transfer intervention."
subscription_media--seller_trust_gap,Subscription Media,media,marketplace,Users do not trust whether a Subscription Media seller or provider is real,71,79,79,78,64,"Seller trust graphs, transaction guarantees, and identity-backed reputation."
subscription_media--fake_reviews,Subscription Media,media,trust,"Users cannot trust reviews, ratings, or testimonials in Subscription Media",66,72,82,74,69,"Review authenticity, verified outcomes, and anomaly-based reputation scoring."
subscription_media--delivery_confusion,Subscription Media,media,operations,Users struggle to understand real delivery status in Subscription Media,64,72,81,73,73,"Verified status feeds, exception alerts, and unified tracking UX."
subscription_media--refund_delay,Subscription Media,media,payments,Users cannot predict when Subscription Media refunds will actually arrive,67,70,77,73,75,"Refund timelines, bank-status translation, and self-serve refund intelligence."
subscription_media--billing_confusion,Subscription Media,media,payments,"Users do not understand Subscription Media charges, renewals, or fee structure",69,73,80,76,77,"Explainable billing, charge provenance, and proactive anomaly notices."
subscription_media--subscription_cancellation,Subscription Media,media,payments,Users cannot cancel or downgrade Subscription Media subscriptions cleanly,63,69,75,69,70,"Transparent offboarding, downgrade alternatives, and friction analytics."
subscription_media--account_takeover,Subscription Media,media,identity,Users lose access to Subscription Media accounts through takeover or session theft,79,90,70,81,67,"Session risk scoring, recovery hardening, and impossible-travel style anomaly controls."
subscription_media--password_reset_pain,Subscription Media,media,identity,Users hit dead ends in Subscription Media password reset and recovery flows,61,72,78,72,72,"Adaptive recovery routing, identity proofing, and state-aware help flows."
subscription_media--otp_mfa_fatigue,Subscription Media,media,identity,Users in Subscription Media face OTP and MFA fatigue without feeling truly protected,66,69,68,70,65,"Phishing-resistant auth, prompt abuse detection, and human-readable risk cues."
subscription_media--support_wait_time,Subscription Media,media,support,Users cannot reach useful human support quickly in Subscription Media,68,71,83,76,78,"Intent-aware routing, better escalation triggers, and queue transparency."
subscription_media--self_service_failure,Subscription Media,media,support,Users try self-service in Subscription Media but still end up stuck,65,71,84,75,83,"Resolution-focused knowledge design, step validation, and failure-loop analytics."
subscription_media--ai_handoff_gap,Subscription Media,media,support,Users in Subscription Media get trapped between AI help and human help,67,78,76,76,89,"Conversation memory, escalation contracts, and bot-to-human state transfer."
subscription_media--feedback_void,Subscription Media,media,support,Users report problems in Subscription Media but feel nothing changes,58,65,72,67,68,Closed-loop feedback orchestration and action-trace dashboards.
subscription_media--privacy_transparency_gap,Subscription Media,media,privacy,Users do not understand how Subscription Media uses personal data,62,62,74,69,69,"Plain-language data notices, purpose-level controls, and permission history."
subscription_media--onboarding_dropoff,Subscription Media,media,conversion,Users abandon Subscription Media onboarding before seeing value,60,65,81,72,76,"Risk-adaptive onboarding, progressive profiling, and abandonment analytics."
subscription_media--checkout_abandonment,Subscription Media,media,conversion,Users in Subscription Media abandon checkout when trust or cost changes too late,66,72,79,76,74,"Transparent checkout, pre-verified totals, and trust-state messaging."
subscription_media--hidden_fees,Subscription Media,media,payments,Users discover hidden or confusing fees in Subscription Media too late,64,71,73,71,68,"Price breakdowns, fee explainers, and cost-delta warnings."
subscription_media--official_channel_confusion,Subscription Media,media,trust,Users cannot tell which Subscription Media channels are official and safe,75,88,75,79,60,"Official-channel registries, signed notifications, and trust-verification UX."
subscription_media--knowledge_fragmentation,Subscription Media,media,support,"Users in Subscription Media get contradictory answers across help content, AI, and agents",61,63,71,68,81,"Unified knowledge graph, answer verification, and source-aware support systems."
subscription_media--identity_proofing_friction,Subscription Media,media,identity,Legitimate users in Subscription Media fail identity proofing while fraudsters still slip through,71,75,65,74,71,"Adaptive proofing, low-friction trust signals, and fallback recovery lanes."
gaming--imposter_scam,Gaming,community,fraud,Users cannot tell real Gaming outreach from imposter scams,82,83,83,83,64,"Trust verification layer, message provenance, and outbound notice registry."
gaming--social_media_scam,Gaming,community,fraud,Users get pulled from social feeds into fake Gaming offers,80,84,88,83,59,"Link reputation, seller verification, and ad-to-checkout risk scoring."
gaming--deepfake_voice_fraud,Gaming,community,fraud,Users are vulnerable to deepfake or voice-clone fraud in Gaming,83,90,70,83,52,"Out-of-band verification, secure callback flows, and synthetic-media detection."
gaming--phishing_login_flow,Gaming,community,identity,Users are tricked into phishing flows that mimic official Gaming login pages,84,94,77,85,57,"Phishing-resistant authentication, origin validation, and login anomaly detection."
gaming--job_opportunity_trap,Gaming,community,fraud,Users chasing Gaming opportunities fall into fake jobs or business offers,77,89,75,80,61,"Listing verification, recruiter proofing, and payout-safe workflows."
gaming--rental_listing_fraud,Gaming,community,fraud,Users searching Gaming listings cannot tell fake inventory from real supply,76,76,69,75,56,"Listing authenticity scoring, owner proof, and anti-escrow fraud protections."
gaming--investment_scam,Gaming,community,fraud,Users are lured into fake Gaming investment or yield schemes,86,88,64,81,49,"Investment verification rails, high-risk claim detection, and suspicious transfer intervention."
gaming--seller_trust_gap,Gaming,community,marketplace,Users do not trust whether a Gaming seller or provider is real,74,79,81,79,66,"Seller trust graphs, transaction guarantees, and identity-backed reputation."
gaming--fake_reviews,Gaming,community,trust,"Users cannot trust reviews, ratings, or testimonials in Gaming",68,72,84,75,71,"Review authenticity, verified outcomes, and anomaly-based reputation scoring."
gaming--delivery_confusion,Gaming,community,operations,Users struggle to understand real delivery status in Gaming,66,72,83,74,75,"Verified status feeds, exception alerts, and unified tracking UX."
gaming--refund_delay,Gaming,community,payments,Users cannot predict when Gaming refunds will actually arrive,70,70,79,75,77,"Refund timelines, bank-status translation, and self-serve refund intelligence."
gaming--billing_confusion,Gaming,community,payments,"Users do not understand Gaming charges, renewals, or fee structure",72,73,82,77,79,"Explainable billing, charge provenance, and proactive anomaly notices."
gaming--subscription_cancellation,Gaming,community,payments,Users cannot cancel or downgrade Gaming subscriptions cleanly,66,69,77,71,72,"Transparent offboarding, downgrade alternatives, and friction analytics."
gaming--account_takeover,Gaming,community,identity,Users lose access to Gaming accounts through takeover or session theft,82,90,72,83,69,"Session risk scoring, recovery hardening, and impossible-travel style anomaly controls."
gaming--password_reset_pain,Gaming,community,identity,Users hit dead ends in Gaming password reset and recovery flows,64,72,80,73,74,"Adaptive recovery routing, identity proofing, and state-aware help flows."
gaming--otp_mfa_fatigue,Gaming,community,identity,Users in Gaming face OTP and MFA fatigue without feeling truly protected,69,69,70,71,67,"Phishing-resistant auth, prompt abuse detection, and human-readable risk cues."
gaming--support_wait_time,Gaming,community,support,Users cannot reach useful human support quickly in Gaming,71,71,85,77,80,"Intent-aware routing, better escalation triggers, and queue transparency."
gaming--self_service_failure,Gaming,community,support,Users try self-service in Gaming but still end up stuck,67,71,86,76,86,"Resolution-focused knowledge design, step validation, and failure-loop analytics."
gaming--ai_handoff_gap,Gaming,community,support,Users in Gaming get trapped between AI help and human help,70,78,78,77,92,"Conversation memory, escalation contracts, and bot-to-human state transfer."
gaming--feedback_void,Gaming,community,support,Users report problems in Gaming but feel nothing changes,60,65,74,68,70,Closed-loop feedback orchestration and action-trace dashboards.
gaming--privacy_transparency_gap,Gaming,community,privacy,Users do not understand how Gaming uses personal data,65,62,76,70,71,"Plain-language data notices, purpose-level controls, and permission history."
gaming--onboarding_dropoff,Gaming,community,conversion,Users abandon Gaming onboarding before seeing value,63,65,83,73,78,"Risk-adaptive onboarding, progressive profiling, and abandonment analytics."
gaming--checkout_abandonment,Gaming,community,conversion,Users in Gaming abandon checkout when trust or cost changes too late,68,72,81,77,76,"Transparent checkout, pre-verified totals, and trust-state messaging."
gaming--hidden_fees,Gaming,community,payments,Users discover hidden or confusing fees in Gaming too late,66,71,75,72,70,"Price breakdowns, fee explainers, and cost-delta warnings."
gaming--official_channel_confusion,Gaming,community,trust,Users cannot tell which Gaming channels are official and safe,78,88,77,81,62,"Official-channel registries, signed notifications, and trust-verification UX."
gaming--knowledge_fragmentation,Gaming,community,support,"Users in Gaming get contradictory answers across help content, AI, and agents",64,63,73,69,84,"Unified knowledge graph, answer verification, and source-aware support systems."
gaming--identity_proofing_friction,Gaming,community,identity,Legitimate users in Gaming fail identity proofing while fraudsters still slip through,74,75,67,76,73,"Adaptive proofing, low-friction trust signals, and fallback recovery lanes."
dating--imposter_scam,Dating,community,fraud,Users cannot tell real Dating outreach from imposter scams,86,83,85,84,60,"Trust verification layer, message provenance, and outbound notice registry."
dating--social_media_scam,Dating,community,fraud,Users get pulled from social feeds into fake Dating offers,83,84,90,84,55,"Link reputation, seller verification, and ad-to-checkout risk scoring."
dating--deepfake_voice_fraud,Dating,community,fraud,Users are vulnerable to deepfake or voice-clone fraud in Dating,86,90,72,84,49,"Out-of-band verification, secure callback flows, and synthetic-media detection."
dating--phishing_login_flow,Dating,community,identity,Users are tricked into phishing flows that mimic official Dating login pages,87,94,79,86,54,"Phishing-resistant authentication, origin validation, and login anomaly detection."
dating--job_opportunity_trap,Dating,community,fraud,Users chasing Dating opportunities fall into fake jobs or business offers,80,89,77,82,57,"Listing verification, recruiter proofing, and payout-safe workflows."
dating--rental_listing_fraud,Dating,community,fraud,Users searching Dating listings cannot tell fake inventory from real supply,79,76,71,76,53,"Listing authenticity scoring, owner proof, and anti-escrow fraud protections."
dating--investment_scam,Dating,community,fraud,Users are lured into fake Dating investment or yield schemes,89,88,66,82,46,"Investment verification rails, high-risk claim detection, and suspicious transfer intervention."
dating--seller_trust_gap,Dating,community,marketplace,Users do not trust whether a Dating seller or provider is real,76,79,83,80,62,"Seller trust graphs, transaction guarantees, and identity-backed reputation."
dating--fake_reviews,Dating,community,trust,"Users cannot trust reviews, ratings, or testimonials in Dating",71,72,86,77,67,"Review authenticity, verified outcomes, and anomaly-based reputation scoring."
dating--delivery_confusion,Dating,community,operations,Users struggle to understand real delivery status in Dating,69,72,85,75,70,"Verified status feeds, exception alerts, and unified tracking UX."
dating--refund_delay,Dating,community,payments,Users cannot predict when Dating refunds will actually arrive,73,70,81,76,72,"Refund timelines, bank-status translation, and self-serve refund intelligence."
dating--billing_confusion,Dating,community,payments,"Users do not understand Dating charges, renewals, or fee structure",75,73,84,78,74,"Explainable billing, charge provenance, and proactive anomaly notices."
dating--subscription_cancellation,Dating,community,payments,Users cannot cancel or downgrade Dating subscriptions cleanly,68,69,80,72,68,"Transparent offboarding, downgrade alternatives, and friction analytics."
dating--account_takeover,Dating,community,identity,Users lose access to Dating accounts through takeover or session theft,86,90,74,85,65,"Session risk scoring, recovery hardening, and impossible-travel style anomaly controls."
dating--password_reset_pain,Dating,community,identity,Users hit dead ends in Dating password reset and recovery flows,66,72,82,74,70,"Adaptive recovery routing, identity proofing, and state-aware help flows."
dating--otp_mfa_fatigue,Dating,community,identity,Users in Dating face OTP and MFA fatigue without feeling truly protected,72,69,72,73,63,"Phishing-resistant auth, prompt abuse detection, and human-readable risk cues."
dating--support_wait_time,Dating,community,support,Users cannot reach useful human support quickly in Dating,74,71,87,78,75,"Intent-aware routing, better escalation triggers, and queue transparency."
dating--self_service_failure,Dating,community,support,Users try self-service in Dating but still end up stuck,70,71,88,77,81,"Resolution-focused knowledge design, step validation, and failure-loop analytics."
dating--ai_handoff_gap,Dating,community,support,Users in Dating get trapped between AI help and human help,73,78,81,79,86,"Conversation memory, escalation contracts, and bot-to-human state transfer."
dating--feedback_void,Dating,community,support,Users report problems in Dating but feel nothing changes,63,65,76,69,66,Closed-loop feedback orchestration and action-trace dashboards.
dating--privacy_transparency_gap,Dating,community,privacy,Users do not understand how Dating uses personal data,67,62,78,72,67,"Plain-language data notices, purpose-level controls, and permission history."
dating--onboarding_dropoff,Dating,community,conversion,Users abandon Dating onboarding before seeing value,66,65,85,75,73,"Risk-adaptive onboarding, progressive profiling, and abandonment analytics."
dating--checkout_abandonment,Dating,community,conversion,Users in Dating abandon checkout when trust or cost changes too late,71,72,83,78,71,"Transparent checkout, pre-verified totals, and trust-state messaging."
dating--hidden_fees,Dating,community,payments,Users discover hidden or confusing fees in Dating too late,69,71,77,74,66,"Price breakdowns, fee explainers, and cost-delta warnings."
dating--official_channel_confusion,Dating,community,trust,Users cannot tell which Dating channels are official and safe,81,88,80,82,58,"Official-channel registries, signed notifications, and trust-verification UX."
dating--knowledge_fragmentation,Dating,community,support,"Users in Dating get contradictory answers across help content, AI, and agents",66,63,75,70,79,"Unified knowledge graph, answer verification, and source-aware support systems."
dating--identity_proofing_friction,Dating,community,identity,Legitimate users in Dating fail identity proofing while fraudsters still slip through,77,75,69,77,69,"Adaptive proofing, low-friction trust signals, and fallback recovery lanes."
community_forum--imposter_scam,Community Forum,community,fraud,Users cannot tell real Community Forum outreach from imposter scams,89,83,88,86,62,"Trust verification layer, message provenance, and outbound notice registry."
community_forum--social_media_scam,Community Forum,community,fraud,Users get pulled from social feeds into fake Community Forum offers,86,84,93,86,57,"Link reputation, seller verification, and ad-to-checkout risk scoring."
community_forum--deepfake_voice_fraud,Community Forum,community,fraud,Users are vulnerable to deepfake or voice-clone fraud in Community Forum,90,90,74,86,50,"Out-of-band verification, secure callback flows, and synthetic-media detection."
community_forum--phishing_login_flow,Community Forum,community,identity,Users are tricked into phishing flows that mimic official Community Forum login pages,91,94,81,88,55,"Phishing-resistant authentication, origin validation, and login anomaly detection."
community_forum--job_opportunity_trap,Community Forum,community,fraud,Users chasing Community Forum opportunities fall into fake jobs or business offers,83,89,79,83,59,"Listing verification, recruiter proofing, and payout-safe workflows."
community_forum--rental_listing_fraud,Community Forum,community,fraud,Users searching Community Forum listings cannot tell fake inventory from real supply,82,76,73,78,54,"Listing authenticity scoring, owner proof, and anti-escrow fraud protections."
community_forum--investment_scam,Community Forum,community,fraud,Users are lured into fake Community Forum investment or yield schemes,93,88,68,84,48,"Investment verification rails, high-risk claim detection, and suspicious transfer intervention."
community_forum--seller_trust_gap,Community Forum,community,marketplace,Users do not trust whether a Community Forum seller or provider is real,79,79,86,82,64,"Seller trust graphs, transaction guarantees, and identity-backed reputation."
community_forum--fake_reviews,Community Forum,community,trust,"Users cannot trust reviews, ratings, or testimonials in Community Forum",74,72,89,78,69,"Review authenticity, verified outcomes, and anomaly-based reputation scoring."
community_forum--delivery_confusion,Community Forum,community,operations,Users struggle to understand real delivery status in Community Forum,72,72,88,77,73,"Verified status feeds, exception alerts, and unified tracking UX."
community_forum--refund_delay,Community Forum,community,payments,Users cannot predict when Community Forum refunds will actually arrive,76,70,84,78,75,"Refund timelines, bank-status translation, and self-serve refund intelligence."
community_forum--billing_confusion,Community Forum,community,payments,"Users do not understand Community Forum charges, renewals, or fee structure",77,73,87,80,77,"Explainable billing, charge provenance, and proactive anomaly notices."
community_forum--subscription_cancellation,Community Forum,community,payments,Users cannot cancel or downgrade Community Forum subscriptions cleanly,71,69,82,73,70,"Transparent offboarding, downgrade alternatives, and friction analytics."
community_forum--account_takeover,Community Forum,community,identity,Users lose access to Community Forum accounts through takeover or session theft,89,90,76,86,67,"Session risk scoring, recovery hardening, and impossible-travel style anomaly controls."
community_forum--password_reset_pain,Community Forum,community,identity,Users hit dead ends in Community Forum password reset and recovery flows,69,72,85,76,72,"Adaptive recovery routing, identity proofing, and state-aware help flows."
community_forum--otp_mfa_fatigue,Community Forum,community,identity,Users in Community Forum face OTP and MFA fatigue without feeling truly protected,75,69,74,74,65,"Phishing-resistant auth, prompt abuse detection, and human-readable risk cues."
community_forum--support_wait_time,Community Forum,community,support,Users cannot reach useful human support quickly in Community Forum,77,71,90,80,78,"Intent-aware routing, better escalation triggers, and queue transparency."
community_forum--self_service_failure,Community Forum,community,support,Users try self-service in Community Forum but still end up stuck,73,71,91,79,83,"Resolution-focused knowledge design, step validation, and failure-loop analytics."
community_forum--ai_handoff_gap,Community Forum,community,support,Users in Community Forum get trapped between AI help and human help,76,78,83,80,89,"Conversation memory, escalation contracts, and bot-to-human state transfer."
community_forum--feedback_void,Community Forum,community,support,Users report problems in Community Forum but feel nothing changes,65,65,78,70,68,Closed-loop feedback orchestration and action-trace dashboards.
community_forum--privacy_transparency_gap,Community Forum,community,privacy,Users do not understand how Community Forum uses personal data,70,62,80,73,69,"Plain-language data notices, purpose-level controls, and permission history."
community_forum--onboarding_dropoff,Community Forum,community,conversion,Users abandon Community Forum onboarding before seeing value,68,65,88,76,76,"Risk-adaptive onboarding, progressive profiling, and abandonment analytics."
community_forum--checkout_abandonment,Community Forum,community,conversion,Users in Community Forum abandon checkout when trust or cost changes too late,74,72,86,80,74,"Transparent checkout, pre-verified totals, and trust-state messaging."
community_forum--hidden_fees,Community Forum,community,payments,Users discover hidden or confusing fees in Community Forum too late,72,71,79,75,68,"Price breakdowns, fee explainers, and cost-delta warnings."
community_forum--official_channel_confusion,Community Forum,community,trust,Users cannot tell which Community Forum channels are official and safe,84,88,82,84,60,"Official-channel registries, signed notifications, and trust-verification UX."
community_forum--knowledge_fragmentation,Community Forum,community,support,"Users in Community Forum get contradictory answers across help content, AI, and agents",69,63,77,72,81,"Unified knowledge graph, answer verification, and source-aware support systems."
community_forum--identity_proofing_friction,Community Forum,community,identity,Legitimate users in Community Forum fail identity proofing while fraudsters still slip through,80,75,71,78,71,"Adaptive proofing, low-friction trust signals, and fallback recovery lanes."
creator_tools--imposter_scam,Creator Tools,community,fraud,Users cannot tell real Creator Tools outreach from imposter scams,92,83,81,86,64,"Trust verification layer, message provenance, and outbound notice registry."
creator_tools--social_media_scam,Creator Tools,community,fraud,Users get pulled from social feeds into fake Creator Tools offers,89,84,86,86,59,"Link reputation, seller verification, and ad-to-checkout risk scoring."
creator_tools--deepfake_voice_fraud,Creator Tools,community,fraud,Users are vulnerable to deepfake or voice-clone fraud in Creator Tools,93,90,68,86,52,"Out-of-band verification, secure callback flows, and synthetic-media detection."
creator_tools--phishing_login_flow,Creator Tools,community,identity,Users are tricked into phishing flows that mimic official Creator Tools login pages,94,94,75,88,57,"Phishing-resistant authentication, origin validation, and login anomaly detection."
creator_tools--job_opportunity_trap,Creator Tools,community,fraud,Users chasing Creator Tools opportunities fall into fake jobs or business offers,86,89,73,83,61,"Listing verification, recruiter proofing, and payout-safe workflows."
creator_tools--rental_listing_fraud,Creator Tools,community,fraud,Users searching Creator Tools listings cannot tell fake inventory from real supply,85,76,67,78,56,"Listing authenticity scoring, owner proof, and anti-escrow fraud protections."
creator_tools--investment_scam,Creator Tools,community,fraud,Users are lured into fake Creator Tools investment or yield schemes,96,88,63,84,49,"Investment verification rails, high-risk claim detection, and suspicious transfer intervention."
creator_tools--seller_trust_gap,Creator Tools,community,marketplace,Users do not trust whether a Creator Tools seller or provider is real,82,79,79,81,66,"Seller trust graphs, transaction guarantees, and identity-backed reputation."
creator_tools--fake_reviews,Creator Tools,community,trust,"Users cannot trust reviews, ratings, or testimonials in Creator Tools",76,72,82,78,71,"Review authenticity, verified outcomes, and anomaly-based reputation scoring."
creator_tools--delivery_confusion,Creator Tools,community,operations,Users struggle to understand real delivery status in Creator Tools,74,72,81,76,75,"Verified status feeds, exception alerts, and unified tracking UX."
creator_tools--refund_delay,Creator Tools,community,payments,Users cannot predict when Creator Tools refunds will actually arrive,78,70,77,77,77,"Refund timelines, bank-status translation, and self-serve refund intelligence."
creator_tools--billing_confusion,Creator Tools,community,payments,"Users do not understand Creator Tools charges, renewals, or fee structure",80,73,80,79,79,"Explainable billing, charge provenance, and proactive anomaly notices."
creator_tools--subscription_cancellation,Creator Tools,community,payments,Users cannot cancel or downgrade Creator Tools subscriptions cleanly,74,69,75,73,72,"Transparent offboarding, downgrade alternatives, and friction analytics."
creator_tools--account_takeover,Creator Tools,community,identity,Users lose access to Creator Tools accounts through takeover or session theft,92,90,70,86,69,"Session risk scoring, recovery hardening, and impossible-travel style anomaly controls."
creator_tools--password_reset_pain,Creator Tools,community,identity,Users hit dead ends in Creator Tools password reset and recovery flows,72,72,78,75,74,"Adaptive recovery routing, identity proofing, and state-aware help flows."
creator_tools--otp_mfa_fatigue,Creator Tools,community,identity,Users in Creator Tools face OTP and MFA fatigue without feeling truly protected,77,69,68,74,67,"Phishing-resistant auth, prompt abuse detection, and human-readable risk cues."
creator_tools--support_wait_time,Creator Tools,community,support,Users cannot reach useful human support quickly in Creator Tools,79,71,83,79,80,"Intent-aware routing, better escalation triggers, and queue transparency."
creator_tools--self_service_failure,Creator Tools,community,support,Users try self-service in Creator Tools but still end up stuck,75,71,84,78,86,"Resolution-focused knowledge design, step validation, and failure-loop analytics."
creator_tools--ai_handoff_gap,Creator Tools,community,support,Users in Creator Tools get trapped between AI help and human help,78,78,76,80,92,"Conversation memory, escalation contracts, and bot-to-human state transfer."
creator_tools--feedback_void,Creator Tools,community,support,Users report problems in Creator Tools but feel nothing changes,68,65,72,70,70,Closed-loop feedback orchestration and action-trace dashboards.
creator_tools--privacy_transparency_gap,Creator Tools,community,privacy,Users do not understand how Creator Tools uses personal data,73,62,74,73,71,"Plain-language data notices, purpose-level controls, and permission history."
creator_tools--onboarding_dropoff,Creator Tools,community,conversion,Users abandon Creator Tools onboarding before seeing value,71,65,81,76,78,"Risk-adaptive onboarding, progressive profiling, and abandonment analytics."
creator_tools--checkout_abandonment,Creator Tools,community,conversion,Users in Creator Tools abandon checkout when trust or cost changes too late,76,72,79,79,76,"Transparent checkout, pre-verified totals, and trust-state messaging."
creator_tools--hidden_fees,Creator Tools,community,payments,Users discover hidden or confusing fees in Creator Tools too late,74,71,73,75,70,"Price breakdowns, fee explainers, and cost-delta warnings."
creator_tools--official_channel_confusion,Creator Tools,community,trust,Users cannot tell which Creator Tools channels are official and safe,87,88,75,83,62,"Official-channel registries, signed notifications, and trust-verification UX."
creator_tools--knowledge_fragmentation,Creator Tools,community,support,"Users in Creator Tools get contradictory answers across help content, AI, and agents",72,63,71,71,84,"Unified knowledge graph, answer verification, and source-aware support systems."
creator_tools--identity_proofing_friction,Creator Tools,community,identity,Legitimate users in Creator Tools fail identity proofing while fraudsters still slip through,83,75,65,78,73,"Adaptive proofing, low-friction trust signals, and fallback recovery lanes."
ticketing--imposter_scam,Event Ticketing,events,fraud,Users cannot tell real Event Ticketing outreach from imposter scams,95,83,83,87,60,"Trust verification layer, message provenance, and outbound notice registry."
ticketing--social_media_scam,Event Ticketing,events,fraud,Users get pulled from social feeds into fake Event Ticketing offers,92,84,88,87,55,"Link reputation, seller verification, and ad-to-checkout risk scoring."
ticketing--deepfake_voice_fraud,Event Ticketing,events,fraud,Users are vulnerable to deepfake or voice-clone fraud in Event Ticketing,96,90,70,87,49,"Out-of-band verification, secure callback flows, and synthetic-media detection."
ticketing--phishing_login_flow,Event Ticketing,events,identity,Users are tricked into phishing flows that mimic official Event Ticketing login pages,97,94,77,89,54,"Phishing-resistant authentication, origin validation, and login anomaly detection."
ticketing--job_opportunity_trap,Event Ticketing,events,fraud,Users chasing Event Ticketing opportunities fall into fake jobs or business offers,89,89,75,84,57,"Listing verification, recruiter proofing, and payout-safe workflows."
ticketing--rental_listing_fraud,Event Ticketing,events,fraud,Users searching Event Ticketing listings cannot tell fake inventory from real supply,88,76,69,79,53,"Listing authenticity scoring, owner proof, and anti-escrow fraud protections."
ticketing--investment_scam,Event Ticketing,events,fraud,Users are lured into fake Event Ticketing investment or yield schemes,99,88,64,85,46,"Investment verification rails, high-risk claim detection, and suspicious transfer intervention."
ticketing--seller_trust_gap,Event Ticketing,events,marketplace,Users do not trust whether a Event Ticketing seller or provider is real,85,79,81,83,62,"Seller trust graphs, transaction guarantees, and identity-backed reputation."
ticketing--fake_reviews,Event Ticketing,events,trust,"Users cannot trust reviews, ratings, or testimonials in Event Ticketing",79,72,84,79,67,"Review authenticity, verified outcomes, and anomaly-based reputation scoring."
ticketing--delivery_confusion,Event Ticketing,events,operations,Users struggle to understand real delivery status in Event Ticketing,77,72,83,78,70,"Verified status feeds, exception alerts, and unified tracking UX."
ticketing--refund_delay,Event Ticketing,events,payments,Users cannot predict when Event Ticketing refunds will actually arrive,81,70,79,79,72,"Refund timelines, bank-status translation, and self-serve refund intelligence."
ticketing--billing_confusion,Event Ticketing,events,payments,"Users do not understand Event Ticketing charges, renewals, or fee structure",83,73,82,81,74,"Explainable billing, charge provenance, and proactive anomaly notices."
ticketing--subscription_cancellation,Event Ticketing,events,payments,Users cannot cancel or downgrade Event Ticketing subscriptions cleanly,76,69,77,74,68,"Transparent offboarding, downgrade alternatives, and friction analytics."
ticketing--account_takeover,Event Ticketing,events,identity,Users lose access to Event Ticketing accounts through takeover or session theft,95,90,72,87,65,"Session risk scoring, recovery hardening, and impossible-travel style anomaly controls."
ticketing--password_reset_pain,Event Ticketing,events,identity,Users hit dead ends in Event Ticketing password reset and recovery flows,74,72,80,76,70,"Adaptive recovery routing, identity proofing, and state-aware help flows."
ticketing--otp_mfa_fatigue,Event Ticketing,events,identity,Users in Event Ticketing face OTP and MFA fatigue without feeling truly protected,80,69,70,75,63,"Phishing-resistant auth, prompt abuse detection, and human-readable risk cues."
ticketing--support_wait_time,Event Ticketing,events,support,Users cannot reach useful human support quickly in Event Ticketing,82,71,85,81,75,"Intent-aware routing, better escalation triggers, and queue transparency."
ticketing--self_service_failure,Event Ticketing,events,support,Users try self-service in Event Ticketing but still end up stuck,78,71,86,79,81,"Resolution-focused knowledge design, step validation, and failure-loop analytics."
ticketing--ai_handoff_gap,Event Ticketing,events,support,Users in Event Ticketing get trapped between AI help and human help,81,78,78,81,86,"Conversation memory, escalation contracts, and bot-to-human state transfer."
ticketing--feedback_void,Event Ticketing,events,support,Users report problems in Event Ticketing but feel nothing changes,70,65,74,71,66,Closed-loop feedback orchestration and action-trace dashboards.
ticketing--privacy_transparency_gap,Event Ticketing,events,privacy,Users do not understand how Event Ticketing uses personal data,75,62,76,74,67,"Plain-language data notices, purpose-level controls, and permission history."
ticketing--onboarding_dropoff,Event Ticketing,events,conversion,Users abandon Event Ticketing onboarding before seeing value,73,65,83,77,73,"Risk-adaptive onboarding, progressive profiling, and abandonment analytics."
ticketing--checkout_abandonment,Event Ticketing,events,conversion,Users in Event Ticketing abandon checkout when trust or cost changes too late,79,72,81,81,71,"Transparent checkout, pre-verified totals, and trust-state messaging."
ticketing--hidden_fees,Event Ticketing,events,payments,Users discover hidden or confusing fees in Event Ticketing too late,77,71,75,76,66,"Price breakdowns, fee explainers, and cost-delta warnings."
ticketing--official_channel_confusion,Event Ticketing,events,trust,Users cannot tell which Event Ticketing channels are official and safe,90,88,77,85,58,"Official-channel registries, signed notifications, and trust-verification UX."
ticketing--knowledge_fragmentation,Event Ticketing,events,support,"Users in Event Ticketing get contradictory answers across help content, AI, and agents",74,63,73,72,79,"Unified knowledge graph, answer verification, and source-aware support systems."
ticketing--identity_proofing_friction,Event Ticketing,events,identity,Legitimate users in Event Ticketing fail identity proofing while fraudsters still slip through,86,75,67,80,69,"Adaptive proofing, low-friction trust signals, and fallback recovery lanes."
food_delivery--imposter_scam,Food Delivery,delivery,fraud,Users cannot tell real Food Delivery outreach from imposter scams,99,83,85,89,62,"Trust verification layer, message provenance, and outbound notice registry."
food_delivery--social_media_scam,Food Delivery,delivery,fraud,Users get pulled from social feeds into fake Food Delivery offers,96,84,90,89,57,"Link reputation, seller verification, and ad-to-checkout risk scoring."
food_delivery--deepfake_voice_fraud,Food Delivery,delivery,fraud,Users are vulnerable to deepfake or voice-clone fraud in Food Delivery,100,90,72,89,50,"Out-of-band verification, secure callback flows, and synthetic-media detection."
food_delivery--phishing_login_flow,Food Delivery,delivery,identity,Users are tricked into phishing flows that mimic official Food Delivery login pages,100,94,79,91,55,"Phishing-resistant authentication, origin validation, and login anomaly detection."
food_delivery--job_opportunity_trap,Food Delivery,delivery,fraud,Users chasing Food Delivery opportunities fall into fake jobs or business offers,92,89,77,86,59,"Listing verification, recruiter proofing, and payout-safe workflows."
food_delivery--rental_listing_fraud,Food Delivery,delivery,fraud,Users searching Food Delivery listings cannot tell fake inventory from real supply,91,76,71,81,54,"Listing authenticity scoring, owner proof, and anti-escrow fraud protections."
food_delivery--investment_scam,Food Delivery,delivery,fraud,Users are lured into fake Food Delivery investment or yield schemes,100,88,66,86,48,"Investment verification rails, high-risk claim detection, and suspicious transfer intervention."
food_delivery--seller_trust_gap,Food Delivery,delivery,marketplace,Users do not trust whether a Food Delivery seller or provider is real,88,79,83,84,64,"Seller trust graphs, transaction guarantees, and identity-backed reputation."
food_delivery--fake_reviews,Food Delivery,delivery,trust,"Users cannot trust reviews, ratings, or testimonials in Food Delivery",82,72,86,80,69,"Review authenticity, verified outcomes, and anomaly-based reputation scoring."
food_delivery--delivery_confusion,Food Delivery,delivery,operations,Users struggle to understand real delivery status in Food Delivery,80,72,85,79,73,"Verified status feeds, exception alerts, and unified tracking UX."
food_delivery--refund_delay,Food Delivery,delivery,payments,Users cannot predict when Food Delivery refunds will actually arrive,84,70,81,80,75,"Refund timelines, bank-status translation, and self-serve refund intelligence."
food_delivery--billing_confusion,Food Delivery,delivery,payments,"Users do not understand Food Delivery charges, renewals, or fee structure",86,73,84,82,77,"Explainable billing, charge provenance, and proactive anomaly notices."
food_delivery--subscription_cancellation,Food Delivery,delivery,payments,Users cannot cancel or downgrade Food Delivery subscriptions cleanly,79,69,80,76,70,"Transparent offboarding, downgrade alternatives, and friction analytics."
food_delivery--account_takeover,Food Delivery,delivery,identity,Users lose access to Food Delivery accounts through takeover or session theft,99,90,74,89,67,"Session risk scoring, recovery hardening, and impossible-travel style anomaly controls."
food_delivery--password_reset_pain,Food Delivery,delivery,identity,Users hit dead ends in Food Delivery password reset and recovery flows,77,72,82,78,72,"Adaptive recovery routing, identity proofing, and state-aware help flows."
food_delivery--otp_mfa_fatigue,Food Delivery,delivery,identity,Users in Food Delivery face OTP and MFA fatigue without feeling truly protected,83,69,72,76,65,"Phishing-resistant auth, prompt abuse detection, and human-readable risk cues."
food_delivery--support_wait_time,Food Delivery,delivery,support,Users cannot reach useful human support quickly in Food Delivery,85,71,87,82,78,"Intent-aware routing, better escalation triggers, and queue transparency."
food_delivery--self_service_failure,Food Delivery,delivery,support,Users try self-service in Food Delivery but still end up stuck,81,71,88,81,83,"Resolution-focused knowledge design, step validation, and failure-loop analytics."
food_delivery--ai_handoff_gap,Food Delivery,delivery,support,Users in Food Delivery get trapped between AI help and human help,84,78,81,83,89,"Conversation memory, escalation contracts, and bot-to-human state transfer."
food_delivery--feedback_void,Food Delivery,delivery,support,Users report problems in Food Delivery but feel nothing changes,72,65,76,72,68,Closed-loop feedback orchestration and action-trace dashboards.
food_delivery--privacy_transparency_gap,Food Delivery,delivery,privacy,Users do not understand how Food Delivery uses personal data,78,62,78,75,69,"Plain-language data notices, purpose-level controls, and permission history."
food_delivery--onboarding_dropoff,Food Delivery,delivery,conversion,Users abandon Food Delivery onboarding before seeing value,76,65,85,78,76,"Risk-adaptive onboarding, progressive profiling, and abandonment analytics."
food_delivery--checkout_abandonment,Food Delivery,delivery,conversion,Users in Food Delivery abandon checkout when trust or cost changes too late,82,72,83,82,74,"Transparent checkout, pre-verified totals, and trust-state messaging."
food_delivery--hidden_fees,Food Delivery,delivery,payments,Users discover hidden or confusing fees in Food Delivery too late,80,71,77,78,68,"Price breakdowns, fee explainers, and cost-delta warnings."
food_delivery--official_channel_confusion,Food Delivery,delivery,trust,Users cannot tell which Food Delivery channels are official and safe,93,88,80,86,60,"Official-channel registries, signed notifications, and trust-verification UX."
food_delivery--knowledge_fragmentation,Food Delivery,delivery,support,"Users in Food Delivery get contradictory answers across help content, AI, and agents",77,63,75,74,81,"Unified knowledge graph, answer verification, and source-aware support systems."
food_delivery--identity_proofing_friction,Food Delivery,delivery,identity,Legitimate users in Food Delivery fail identity proofing while fraudsters still slip through,89,75,69,81,71,"Adaptive proofing, low-friction trust signals, and fallback recovery lanes."
logistics--imposter_scam,Logistics,delivery,fraud,Users cannot tell real Logistics outreach from imposter scams,79,83,88,83,64,"Trust verification layer, message provenance, and outbound notice registry."
logistics--social_media_scam,Logistics,delivery,fraud,Users get pulled from social feeds into fake Logistics offers,76,84,93,83,59,"Link reputation, seller verification, and ad-to-checkout risk scoring."
logistics--deepfake_voice_fraud,Logistics,delivery,fraud,Users are vulnerable to deepfake or voice-clone fraud in Logistics,80,90,74,82,52,"Out-of-band verification, secure callback flows, and synthetic-media detection."
logistics--phishing_login_flow,Logistics,delivery,identity,Users are tricked into phishing flows that mimic official Logistics login pages,81,94,81,85,57,"Phishing-resistant authentication, origin validation, and login anomaly detection."
logistics--job_opportunity_trap,Logistics,delivery,fraud,Users chasing Logistics opportunities fall into fake jobs or business offers,74,89,79,80,61,"Listing verification, recruiter proofing, and payout-safe workflows."
logistics--rental_listing_fraud,Logistics,delivery,fraud,Users searching Logistics listings cannot tell fake inventory from real supply,73,76,73,75,56,"Listing authenticity scoring, owner proof, and anti-escrow fraud protections."
logistics--investment_scam,Logistics,delivery,fraud,Users are lured into fake Logistics investment or yield schemes,82,88,68,80,49,"Investment verification rails, high-risk claim detection, and suspicious transfer intervention."
logistics--seller_trust_gap,Logistics,delivery,marketplace,Users do not trust whether a Logistics seller or provider is real,71,79,86,79,66,"Seller trust graphs, transaction guarantees, and identity-backed reputation."
logistics--fake_reviews,Logistics,delivery,trust,"Users cannot trust reviews, ratings, or testimonials in Logistics",66,72,89,76,71,"Review authenticity, verified outcomes, and anomaly-based reputation scoring."
logistics--delivery_confusion,Logistics,delivery,operations,Users struggle to understand real delivery status in Logistics,64,72,88,74,75,"Verified status feeds, exception alerts, and unified tracking UX."
logistics--refund_delay,Logistics,delivery,payments,Users cannot predict when Logistics refunds will actually arrive,67,70,84,75,77,"Refund timelines, bank-status translation, and self-serve refund intelligence."
logistics--billing_confusion,Logistics,delivery,payments,"Users do not understand Logistics charges, renewals, or fee structure",69,73,87,77,79,"Explainable billing, charge provenance, and proactive anomaly notices."
logistics--subscription_cancellation,Logistics,delivery,payments,Users cannot cancel or downgrade Logistics subscriptions cleanly,63,69,82,71,72,"Transparent offboarding, downgrade alternatives, and friction analytics."
logistics--account_takeover,Logistics,delivery,identity,Users lose access to Logistics accounts through takeover or session theft,79,90,76,83,69,"Session risk scoring, recovery hardening, and impossible-travel style anomaly controls."
logistics--password_reset_pain,Logistics,delivery,identity,Users hit dead ends in Logistics password reset and recovery flows,61,72,85,73,74,"Adaptive recovery routing, identity proofing, and state-aware help flows."
logistics--otp_mfa_fatigue,Logistics,delivery,identity,Users in Logistics face OTP and MFA fatigue without feeling truly protected,66,69,74,71,67,"Phishing-resistant auth, prompt abuse detection, and human-readable risk cues."
logistics--support_wait_time,Logistics,delivery,support,Users cannot reach useful human support quickly in Logistics,68,71,90,77,80,"Intent-aware routing, better escalation triggers, and queue transparency."
logistics--self_service_failure,Logistics,delivery,support,Users try self-service in Logistics but still end up stuck,65,71,91,76,86,"Resolution-focused knowledge design, step validation, and failure-loop analytics."
logistics--ai_handoff_gap,Logistics,delivery,support,Users in Logistics get trapped between AI help and human help,67,78,83,77,92,"Conversation memory, escalation contracts, and bot-to-human state transfer."
logistics--feedback_void,Logistics,delivery,support,Users report problems in Logistics but feel nothing changes,58,65,78,68,70,Closed-loop feedback orchestration and action-trace dashboards.
logistics--privacy_transparency_gap,Logistics,delivery,privacy,Users do not understand how Logistics uses personal data,62,62,80,70,71,"Plain-language data notices, purpose-level controls, and permission history."
logistics--onboarding_dropoff,Logistics,delivery,conversion,Users abandon Logistics onboarding before seeing value,60,65,88,73,78,"Risk-adaptive onboarding, progressive profiling, and abandonment analytics."
logistics--checkout_abandonment,Logistics,delivery,conversion,Users in Logistics abandon checkout when trust or cost changes too late,66,72,86,77,76,"Transparent checkout, pre-verified totals, and trust-state messaging."
logistics--hidden_fees,Logistics,delivery,payments,Users discover hidden or confusing fees in Logistics too late,64,71,79,73,70,"Price breakdowns, fee explainers, and cost-delta warnings."
logistics--official_channel_confusion,Logistics,delivery,trust,Users cannot tell which Logistics channels are official and safe,75,88,82,81,62,"Official-channel registries, signed notifications, and trust-verification UX."
logistics--knowledge_fragmentation,Logistics,delivery,support,"Users in Logistics get contradictory answers across help content, AI, and agents",61,63,77,69,84,"Unified knowledge graph, answer verification, and source-aware support systems."
logistics--identity_proofing_friction,Logistics,delivery,identity,Legitimate users in Logistics fail identity proofing while fraudsters still slip through,71,75,71,75,73,"Adaptive proofing, low-friction trust signals, and fallback recovery lanes."
mobility--imposter_scam,Mobility,transport,fraud,Users cannot tell real Mobility outreach from imposter scams,82,83,81,82,60,"Trust verification layer, message provenance, and outbound notice registry."
mobility--social_media_scam,Mobility,transport,fraud,Users get pulled from social feeds into fake Mobility offers,80,84,86,83,55,"Link reputation, seller verification, and ad-to-checkout risk scoring."
mobility--deepfake_voice_fraud,Mobility,transport,fraud,Users are vulnerable to deepfake or voice-clone fraud in Mobility,83,90,68,82,49,"Out-of-band verification, secure callback flows, and synthetic-media detection."
mobility--phishing_login_flow,Mobility,transport,identity,Users are tricked into phishing flows that mimic official Mobility login pages,84,94,75,84,54,"Phishing-resistant authentication, origin validation, and login anomaly detection."
mobility--job_opportunity_trap,Mobility,transport,fraud,Users chasing Mobility opportunities fall into fake jobs or business offers,77,89,73,80,57,"Listing verification, recruiter proofing, and payout-safe workflows."
mobility--rental_listing_fraud,Mobility,transport,fraud,Users searching Mobility listings cannot tell fake inventory from real supply,76,76,67,75,53,"Listing authenticity scoring, owner proof, and anti-escrow fraud protections."
mobility--investment_scam,Mobility,transport,fraud,Users are lured into fake Mobility investment or yield schemes,86,88,63,80,46,"Investment verification rails, high-risk claim detection, and suspicious transfer intervention."
mobility--seller_trust_gap,Mobility,transport,marketplace,Users do not trust whether a Mobility seller or provider is real,74,79,79,79,62,"Seller trust graphs, transaction guarantees, and identity-backed reputation."
mobility--fake_reviews,Mobility,transport,trust,"Users cannot trust reviews, ratings, or testimonials in Mobility",68,72,82,75,67,"Review authenticity, verified outcomes, and anomaly-based reputation scoring."
mobility--delivery_confusion,Mobility,transport,operations,Users struggle to understand real delivery status in Mobility,66,72,81,73,70,"Verified status feeds, exception alerts, and unified tracking UX."
mobility--refund_delay,Mobility,transport,payments,Users cannot predict when Mobility refunds will actually arrive,70,70,77,74,72,"Refund timelines, bank-status translation, and self-serve refund intelligence."
mobility--billing_confusion,Mobility,transport,payments,"Users do not understand Mobility charges, renewals, or fee structure",72,73,80,77,74,"Explainable billing, charge provenance, and proactive anomaly notices."
mobility--subscription_cancellation,Mobility,transport,payments,Users cannot cancel or downgrade Mobility subscriptions cleanly,66,69,75,70,68,"Transparent offboarding, downgrade alternatives, and friction analytics."
mobility--account_takeover,Mobility,transport,identity,Users lose access to Mobility accounts through takeover or session theft,82,90,70,82,65,"Session risk scoring, recovery hardening, and impossible-travel style anomaly controls."
mobility--password_reset_pain,Mobility,transport,identity,Users hit dead ends in Mobility password reset and recovery flows,64,72,78,73,70,"Adaptive recovery routing, identity proofing, and state-aware help flows."
mobility--otp_mfa_fatigue,Mobility,transport,identity,Users in Mobility face OTP and MFA fatigue without feeling truly protected,69,69,68,71,63,"Phishing-resistant auth, prompt abuse detection, and human-readable risk cues."
mobility--support_wait_time,Mobility,transport,support,Users cannot reach useful human support quickly in Mobility,71,71,83,77,75,"Intent-aware routing, better escalation triggers, and queue transparency."
mobility--self_service_failure,Mobility,transport,support,Users try self-service in Mobility but still end up stuck,67,71,84,75,81,"Resolution-focused knowledge design, step validation, and failure-loop analytics."
mobility--ai_handoff_gap,Mobility,transport,support,Users in Mobility get trapped between AI help and human help,70,78,76,77,86,"Conversation memory, escalation contracts, and bot-to-human state transfer."
mobility--feedback_void,Mobility,transport,support,Users report problems in Mobility but feel nothing changes,60,65,72,67,66,Closed-loop feedback orchestration and action-trace dashboards.
mobility--privacy_transparency_gap,Mobility,transport,privacy,Users do not understand how Mobility uses personal data,65,62,74,70,67,"Plain-language data notices, purpose-level controls, and permission history."
mobility--onboarding_dropoff,Mobility,transport,conversion,Users abandon Mobility onboarding before seeing value,63,65,81,73,73,"Risk-adaptive onboarding, progressive profiling, and abandonment analytics."
mobility--checkout_abandonment,Mobility,transport,conversion,Users in Mobility abandon checkout when trust or cost changes too late,68,72,79,76,71,"Transparent checkout, pre-verified totals, and trust-state messaging."
mobility--hidden_fees,Mobility,transport,payments,Users discover hidden or confusing fees in Mobility too late,66,71,73,72,66,"Price breakdowns, fee explainers, and cost-delta warnings."
mobility--official_channel_confusion,Mobility,transport,trust,Users cannot tell which Mobility channels are official and safe,78,88,75,80,58,"Official-channel registries, signed notifications, and trust-verification UX."
mobility--knowledge_fragmentation,Mobility,transport,support,"Users in Mobility get contradictory answers across help content, AI, and agents",64,63,71,69,79,"Unified knowledge graph, answer verification, and source-aware support systems."
mobility--identity_proofing_friction,Mobility,transport,identity,Legitimate users in Mobility fail identity proofing while fraudsters still slip through,74,75,65,75,69,"Adaptive proofing, low-friction trust signals, and fallback recovery lanes."
legal_services--imposter_scam,Legal Services,professional,fraud,Users cannot tell real Legal Services outreach from imposter scams,86,83,83,84,62,"Trust verification layer, message provenance, and outbound notice registry."
legal_services--social_media_scam,Legal Services,professional,fraud,Users get pulled from social feeds into fake Legal Services offers,83,84,88,84,57,"Link reputation, seller verification, and ad-to-checkout risk scoring."
legal_services--deepfake_voice_fraud,Legal Services,professional,fraud,Users are vulnerable to deepfake or voice-clone fraud in Legal Services,86,90,70,84,50,"Out-of-band verification, secure callback flows, and synthetic-media detection."
legal_services--phishing_login_flow,Legal Services,professional,identity,Users are tricked into phishing flows that mimic official Legal Services login pages,87,94,77,86,55,"Phishing-resistant authentication, origin validation, and login anomaly detection."
legal_services--job_opportunity_trap,Legal Services,professional,fraud,Users chasing Legal Services opportunities fall into fake jobs or business offers,80,89,75,81,59,"Listing verification, recruiter proofing, and payout-safe workflows."
legal_services--rental_listing_fraud,Legal Services,professional,fraud,Users searching Legal Services listings cannot tell fake inventory from real supply,79,76,69,76,54,"Listing authenticity scoring, owner proof, and anti-escrow fraud protections."
legal_services--investment_scam,Legal Services,professional,fraud,Users are lured into fake Legal Services investment or yield schemes,89,88,64,82,48,"Investment verification rails, high-risk claim detection, and suspicious transfer intervention."
legal_services--seller_trust_gap,Legal Services,professional,marketplace,Users do not trust whether a Legal Services seller or provider is real,76,79,81,80,64,"Seller trust graphs, transaction guarantees, and identity-backed reputation."
legal_services--fake_reviews,Legal Services,professional,trust,"Users cannot trust reviews, ratings, or testimonials in Legal Services",71,72,84,76,69,"Review authenticity, verified outcomes, and anomaly-based reputation scoring."
legal_services--delivery_confusion,Legal Services,professional,operations,Users struggle to understand real delivery status in Legal Services,69,72,83,75,73,"Verified status feeds, exception alerts, and unified tracking UX."
legal_services--refund_delay,Legal Services,professional,payments,Users cannot predict when Legal Services refunds will actually arrive,73,70,79,76,75,"Refund timelines, bank-status translation, and self-serve refund intelligence."
legal_services--billing_confusion,Legal Services,professional,payments,"Users do not understand Legal Services charges, renewals, or fee structure",75,73,82,78,77,"Explainable billing, charge provenance, and proactive anomaly notices."
legal_services--subscription_cancellation,Legal Services,professional,payments,Users cannot cancel or downgrade Legal Services subscriptions cleanly,68,69,77,71,70,"Transparent offboarding, downgrade alternatives, and friction analytics."
legal_services--account_takeover,Legal Services,professional,identity,Users lose access to Legal Services accounts through takeover or session theft,86,90,72,84,67,"Session risk scoring, recovery hardening, and impossible-travel style anomaly controls."
legal_services--password_reset_pain,Legal Services,professional,identity,Users hit dead ends in Legal Services password reset and recovery flows,66,72,80,74,72,"Adaptive recovery routing, identity proofing, and state-aware help flows."
legal_services--otp_mfa_fatigue,Legal Services,professional,identity,Users in Legal Services face OTP and MFA fatigue without feeling truly protected,72,69,70,72,65,"Phishing-resistant auth, prompt abuse detection, and human-readable risk cues."
legal_services--support_wait_time,Legal Services,professional,support,Users cannot reach useful human support quickly in Legal Services,74,71,85,78,78,"Intent-aware routing, better escalation triggers, and queue transparency."
legal_services--self_service_failure,Legal Services,professional,support,Users try self-service in Legal Services but still end up stuck,70,71,86,77,83,"Resolution-focused knowledge design, step validation, and failure-loop analytics."
legal_services--ai_handoff_gap,Legal Services,professional,support,Users in Legal Services get trapped between AI help and human help,73,78,78,78,89,"Conversation memory, escalation contracts, and bot-to-human state transfer."
legal_services--feedback_void,Legal Services,professional,support,Users report problems in Legal Services but feel nothing changes,63,65,74,69,68,Closed-loop feedback orchestration and action-trace dashboards.
legal_services--privacy_transparency_gap,Legal Services,professional,privacy,Users do not understand how Legal Services uses personal data,67,62,76,71,69,"Plain-language data notices, purpose-level controls, and permission history."
legal_services--onboarding_dropoff,Legal Services,professional,conversion,Users abandon Legal Services onboarding before seeing value,66,65,83,74,76,"Risk-adaptive onboarding, progressive profiling, and abandonment analytics."
legal_services--checkout_abandonment,Legal Services,professional,conversion,Users in Legal Services abandon checkout when trust or cost changes too late,71,72,81,78,74,"Transparent checkout, pre-verified totals, and trust-state messaging."
legal_services--hidden_fees,Legal Services,professional,payments,Users discover hidden or confusing fees in Legal Services too late,69,71,75,73,68,"Price breakdowns, fee explainers, and cost-delta warnings."
legal_services--official_channel_confusion,Legal Services,professional,trust,Users cannot tell which Legal Services channels are official and safe,81,88,77,82,60,"Official-channel registries, signed notifications, and trust-verification UX."
legal_services--knowledge_fragmentation,Legal Services,professional,support,"Users in Legal Services get contradictory answers across help content, AI, and agents",66,63,73,70,81,"Unified knowledge graph, answer verification, and source-aware support systems."
legal_services--identity_proofing_friction,Legal Services,professional,identity,Legitimate users in Legal Services fail identity proofing while fraudsters still slip through,77,75,67,77,71,"Adaptive proofing, low-friction trust signals, and fallback recovery lanes."
fitness--imposter_scam,Fitness and Wellness,lifestyle,fraud,Users cannot tell real Fitness and Wellness outreach from imposter scams,89,83,85,85,64,"Trust verification layer, message provenance, and outbound notice registry."
fitness--social_media_scam,Fitness and Wellness,lifestyle,fraud,Users get pulled from social feeds into fake Fitness and Wellness offers,86,84,90,85,59,"Link reputation, seller verification, and ad-to-checkout risk scoring."
fitness--deepfake_voice_fraud,Fitness and Wellness,lifestyle,fraud,Users are vulnerable to deepfake or voice-clone fraud in Fitness and Wellness,90,90,72,85,52,"Out-of-band verification, secure callback flows, and synthetic-media detection."
fitness--phishing_login_flow,Fitness and Wellness,lifestyle,identity,Users are tricked into phishing flows that mimic official Fitness and Wellness login pages,91,94,79,88,57,"Phishing-resistant authentication, origin validation, and login anomaly detection."
fitness--job_opportunity_trap,Fitness and Wellness,lifestyle,fraud,Users chasing Fitness and Wellness opportunities fall into fake jobs or business offers,83,89,77,83,61,"Listing verification, recruiter proofing, and payout-safe workflows."
fitness--rental_listing_fraud,Fitness and Wellness,lifestyle,fraud,Users searching Fitness and Wellness listings cannot tell fake inventory from real supply,82,76,71,78,56,"Listing authenticity scoring, owner proof, and anti-escrow fraud protections."
fitness--investment_scam,Fitness and Wellness,lifestyle,fraud,Users are lured into fake Fitness and Wellness investment or yield schemes,93,88,66,83,49,"Investment verification rails, high-risk claim detection, and suspicious transfer intervention."
fitness--seller_trust_gap,Fitness and Wellness,lifestyle,marketplace,Users do not trust whether a Fitness and Wellness seller or provider is real,79,79,83,81,66,"Seller trust graphs, transaction guarantees, and identity-backed reputation."
fitness--fake_reviews,Fitness and Wellness,lifestyle,trust,"Users cannot trust reviews, ratings, or testimonials in Fitness and Wellness",74,72,86,78,71,"Review authenticity, verified outcomes, and anomaly-based reputation scoring."
fitness--delivery_confusion,Fitness and Wellness,lifestyle,operations,Users struggle to understand real delivery status in Fitness and Wellness,72,72,85,76,75,"Verified status feeds, exception alerts, and unified tracking UX."
fitness--refund_delay,Fitness and Wellness,lifestyle,payments,Users cannot predict when Fitness and Wellness refunds will actually arrive,76,70,81,77,77,"Refund timelines, bank-status translation, and self-serve refund intelligence."
fitness--billing_confusion,Fitness and Wellness,lifestyle,payments,"Users do not understand Fitness and Wellness charges, renewals, or fee structure",77,73,84,79,79,"Explainable billing, charge provenance, and proactive anomaly notices."
fitness--subscription_cancellation,Fitness and Wellness,lifestyle,payments,Users cannot cancel or downgrade Fitness and Wellness subscriptions cleanly,71,69,80,73,72,"Transparent offboarding, downgrade alternatives, and friction analytics."
fitness--account_takeover,Fitness and Wellness,lifestyle,identity,Users lose access to Fitness and Wellness accounts through takeover or session theft,89,90,74,86,69,"Session risk scoring, recovery hardening, and impossible-travel style anomaly controls."
fitness--password_reset_pain,Fitness and Wellness,lifestyle,identity,Users hit dead ends in Fitness and Wellness password reset and recovery flows,69,72,82,75,74,"Adaptive recovery routing, identity proofing, and state-aware help flows."
fitness--otp_mfa_fatigue,Fitness and Wellness,lifestyle,identity,Users in Fitness and Wellness face OTP and MFA fatigue without feeling truly protected,75,69,72,74,67,"Phishing-resistant auth, prompt abuse detection, and human-readable risk cues."
fitness--support_wait_time,Fitness and Wellness,lifestyle,support,Users cannot reach useful human support quickly in Fitness and Wellness,77,71,87,79,80,"Intent-aware routing, better escalation triggers, and queue transparency."
fitness--self_service_failure,Fitness and Wellness,lifestyle,support,Users try self-service in Fitness and Wellness but still end up stuck,73,71,88,78,86,"Resolution-focused knowledge design, step validation, and failure-loop analytics."
fitness--ai_handoff_gap,Fitness and Wellness,lifestyle,support,Users in Fitness and Wellness get trapped between AI help and human help,76,78,81,80,92,"Conversation memory, escalation contracts, and bot-to-human state transfer."
fitness--feedback_void,Fitness and Wellness,lifestyle,support,Users report problems in Fitness and Wellness but feel nothing changes,65,65,76,70,70,Closed-loop feedback orchestration and action-trace dashboards.
fitness--privacy_transparency_gap,Fitness and Wellness,lifestyle,privacy,Users do not understand how Fitness and Wellness uses personal data,70,62,78,73,71,"Plain-language data notices, purpose-level controls, and permission history."
fitness--onboarding_dropoff,Fitness and Wellness,lifestyle,conversion,Users abandon Fitness and Wellness onboarding before seeing value,68,65,85,75,78,"Risk-adaptive onboarding, progressive profiling, and abandonment analytics."
fitness--checkout_abandonment,Fitness and Wellness,lifestyle,conversion,Users in Fitness and Wellness abandon checkout when trust or cost changes too late,74,72,83,79,76,"Transparent checkout, pre-verified totals, and trust-state messaging."
fitness--hidden_fees,Fitness and Wellness,lifestyle,payments,Users discover hidden or confusing fees in Fitness and Wellness too late,72,71,77,75,70,"Price breakdowns, fee explainers, and cost-delta warnings."
fitness--official_channel_confusion,Fitness and Wellness,lifestyle,trust,Users cannot tell which Fitness and Wellness channels are official and safe,84,88,80,83,62,"Official-channel registries, signed notifications, and trust-verification UX."
fitness--knowledge_fragmentation,Fitness and Wellness,lifestyle,support,"Users in Fitness and Wellness get contradictory answers across help content, AI, and agents",69,63,75,71,84,"Unified knowledge graph, answer verification, and source-aware support systems."
fitness--identity_proofing_friction,Fitness and Wellness,lifestyle,identity,Legitimate users in Fitness and Wellness fail identity proofing while fraudsters still slip through,80,75,69,78,73,"Adaptive proofing, low-friction trust signals, and fallback recovery lanes."
beauty--imposter_scam,Beauty Commerce,lifestyle,fraud,Users cannot tell real Beauty Commerce outreach from imposter scams,92,83,88,87,60,"Trust verification layer, message provenance, and outbound notice registry."
beauty--social_media_scam,Beauty Commerce,lifestyle,fraud,Users get pulled from social feeds into fake Beauty Commerce offers,89,84,93,87,55,"Link reputation, seller verification, and ad-to-checkout risk scoring."
beauty--deepfake_voice_fraud,Beauty Commerce,lifestyle,fraud,Users are vulnerable to deepfake or voice-clone fraud in Beauty Commerce,93,90,74,87,49,"Out-of-band verification, secure callback flows, and synthetic-media detection."
beauty--phishing_login_flow,Beauty Commerce,lifestyle,identity,Users are tricked into phishing flows that mimic official Beauty Commerce login pages,94,94,81,89,54,"Phishing-resistant authentication, origin validation, and login anomaly detection."
beauty--job_opportunity_trap,Beauty Commerce,lifestyle,fraud,Users chasing Beauty Commerce opportunities fall into fake jobs or business offers,86,89,79,84,57,"Listing verification, recruiter proofing, and payout-safe workflows."
beauty--rental_listing_fraud,Beauty Commerce,lifestyle,fraud,Users searching Beauty Commerce listings cannot tell fake inventory from real supply,85,76,73,79,53,"Listing authenticity scoring, owner proof, and anti-escrow fraud protections."
beauty--investment_scam,Beauty Commerce,lifestyle,fraud,Users are lured into fake Beauty Commerce investment or yield schemes,96,88,68,85,46,"Investment verification rails, high-risk claim detection, and suspicious transfer intervention."
beauty--seller_trust_gap,Beauty Commerce,lifestyle,marketplace,Users do not trust whether a Beauty Commerce seller or provider is real,82,79,86,83,62,"Seller trust graphs, transaction guarantees, and identity-backed reputation."
beauty--fake_reviews,Beauty Commerce,lifestyle,trust,"Users cannot trust reviews, ratings, or testimonials in Beauty Commerce",76,72,89,79,67,"Review authenticity, verified outcomes, and anomaly-based reputation scoring."
beauty--delivery_confusion,Beauty Commerce,lifestyle,operations,Users struggle to understand real delivery status in Beauty Commerce,74,72,88,77,70,"Verified status feeds, exception alerts, and unified tracking UX."
beauty--refund_delay,Beauty Commerce,lifestyle,payments,Users cannot predict when Beauty Commerce refunds will actually arrive,78,70,84,79,72,"Refund timelines, bank-status translation, and self-serve refund intelligence."
beauty--billing_confusion,Beauty Commerce,lifestyle,payments,"Users do not understand Beauty Commerce charges, renewals, or fee structure",80,73,87,81,74,"Explainable billing, charge provenance, and proactive anomaly notices."
beauty--subscription_cancellation,Beauty Commerce,lifestyle,payments,Users cannot cancel or downgrade Beauty Commerce subscriptions cleanly,74,69,82,74,68,"Transparent offboarding, downgrade alternatives, and friction analytics."
beauty--account_takeover,Beauty Commerce,lifestyle,identity,Users lose access to Beauty Commerce accounts through takeover or session theft,92,90,76,87,65,"Session risk scoring, recovery hardening, and impossible-travel style anomaly controls."
beauty--password_reset_pain,Beauty Commerce,lifestyle,identity,Users hit dead ends in Beauty Commerce password reset and recovery flows,72,72,85,77,70,"Adaptive recovery routing, identity proofing, and state-aware help flows."
beauty--otp_mfa_fatigue,Beauty Commerce,lifestyle,identity,Users in Beauty Commerce face OTP and MFA fatigue without feeling truly protected,77,69,74,75,63,"Phishing-resistant auth, prompt abuse detection, and human-readable risk cues."
beauty--support_wait_time,Beauty Commerce,lifestyle,support,Users cannot reach useful human support quickly in Beauty Commerce,79,71,90,81,75,"Intent-aware routing, better escalation triggers, and queue transparency."
beauty--self_service_failure,Beauty Commerce,lifestyle,support,Users try self-service in Beauty Commerce but still end up stuck,75,71,91,79,81,"Resolution-focused knowledge design, step validation, and failure-loop analytics."
beauty--ai_handoff_gap,Beauty Commerce,lifestyle,support,Users in Beauty Commerce get trapped between AI help and human help,78,78,83,81,86,"Conversation memory, escalation contracts, and bot-to-human state transfer."
beauty--feedback_void,Beauty Commerce,lifestyle,support,Users report problems in Beauty Commerce but feel nothing changes,68,65,78,71,66,Closed-loop feedback orchestration and action-trace dashboards.
beauty--privacy_transparency_gap,Beauty Commerce,lifestyle,privacy,Users do not understand how Beauty Commerce uses personal data,73,62,80,74,67,"Plain-language data notices, purpose-level controls, and permission history."
beauty--onboarding_dropoff,Beauty Commerce,lifestyle,conversion,Users abandon Beauty Commerce onboarding before seeing value,71,65,88,77,73,"Risk-adaptive onboarding, progressive profiling, and abandonment analytics."
beauty--checkout_abandonment,Beauty Commerce,lifestyle,conversion,Users in Beauty Commerce abandon checkout when trust or cost changes too late,76,72,86,81,71,"Transparent checkout, pre-verified totals, and trust-state messaging."
beauty--hidden_fees,Beauty Commerce,lifestyle,payments,Users discover hidden or confusing fees in Beauty Commerce too late,74,71,79,76,66,"Price breakdowns, fee explainers, and cost-delta warnings."
beauty--official_channel_confusion,Beauty Commerce,lifestyle,trust,Users cannot tell which Beauty Commerce channels are official and safe,87,88,82,85,58,"Official-channel registries, signed notifications, and trust-verification UX."
beauty--knowledge_fragmentation,Beauty Commerce,lifestyle,support,"Users in Beauty Commerce get contradictory answers across help content, AI, and agents",72,63,77,73,79,"Unified knowledge graph, answer verification, and source-aware support systems."
beauty--identity_proofing_friction,Beauty Commerce,lifestyle,identity,Legitimate users in Beauty Commerce fail identity proofing while fraudsters still slip through,83,75,71,79,69,"Adaptive proofing, low-friction trust signals, and fallback recovery lanes."
consumer_electronics--imposter_scam,Consumer Electronics,retail,fraud,Users cannot tell real Consumer Electronics outreach from imposter scams,95,83,81,87,62,"Trust verification layer, message provenance, and outbound notice registry."
consumer_electronics--social_media_scam,Consumer Electronics,retail,fraud,Users get pulled from social feeds into fake Consumer Electronics offers,92,84,86,87,57,"Link reputation, seller verification, and ad-to-checkout risk scoring."
consumer_electronics--deepfake_voice_fraud,Consumer Electronics,retail,fraud,Users are vulnerable to deepfake or voice-clone fraud in Consumer Electronics,96,90,68,87,50,"Out-of-band verification, secure callback flows, and synthetic-media detection."
consumer_electronics--phishing_login_flow,Consumer Electronics,retail,identity,Users are tricked into phishing flows that mimic official Consumer Electronics login pages,97,94,75,89,55,"Phishing-resistant authentication, origin validation, and login anomaly detection."
consumer_electronics--job_opportunity_trap,Consumer Electronics,retail,fraud,Users chasing Consumer Electronics opportunities fall into fake jobs or business offers,89,89,73,84,59,"Listing verification, recruiter proofing, and payout-safe workflows."
consumer_electronics--rental_listing_fraud,Consumer Electronics,retail,fraud,Users searching Consumer Electronics listings cannot tell fake inventory from real supply,88,76,67,79,54,"Listing authenticity scoring, owner proof, and anti-escrow fraud protections."
consumer_electronics--investment_scam,Consumer Electronics,retail,fraud,Users are lured into fake Consumer Electronics investment or yield schemes,99,88,63,85,48,"Investment verification rails, high-risk claim detection, and suspicious transfer intervention."
consumer_electronics--seller_trust_gap,Consumer Electronics,retail,marketplace,Users do not trust whether a Consumer Electronics seller or provider is real,85,79,79,82,64,"Seller trust graphs, transaction guarantees, and identity-backed reputation."
consumer_electronics--fake_reviews,Consumer Electronics,retail,trust,"Users cannot trust reviews, ratings, or testimonials in Consumer Electronics",79,72,82,79,69,"Review authenticity, verified outcomes, and anomaly-based reputation scoring."
consumer_electronics--delivery_confusion,Consumer Electronics,retail,operations,Users struggle to understand real delivery status in Consumer Electronics,77,72,81,77,73,"Verified status feeds, exception alerts, and unified tracking UX."
consumer_electronics--refund_delay,Consumer Electronics,retail,payments,Users cannot predict when Consumer Electronics refunds will actually arrive,81,70,77,78,75,"Refund timelines, bank-status translation, and self-serve refund intelligence."
consumer_electronics--billing_confusion,Consumer Electronics,retail,payments,"Users do not understand Consumer Electronics charges, renewals, or fee structure",83,73,80,80,77,"Explainable billing, charge provenance, and proactive anomaly notices."
consumer_electronics--subscription_cancellation,Consumer Electronics,retail,payments,Users cannot cancel or downgrade Consumer Electronics subscriptions cleanly,76,69,75,74,70,"Transparent offboarding, downgrade alternatives, and friction analytics."
consumer_electronics--account_takeover,Consumer Electronics,retail,identity,Users lose access to Consumer Electronics accounts through takeover or session theft,95,90,70,87,67,"Session risk scoring, recovery hardening, and impossible-travel style anomaly controls."
consumer_electronics--password_reset_pain,Consumer Electronics,retail,identity,Users hit dead ends in Consumer Electronics password reset and recovery flows,74,72,78,76,72,"Adaptive recovery routing, identity proofing, and state-aware help flows."
consumer_electronics--otp_mfa_fatigue,Consumer Electronics,retail,identity,Users in Consumer Electronics face OTP and MFA fatigue without feeling truly protected,80,69,68,75,65,"Phishing-resistant auth, prompt abuse detection, and human-readable risk cues."
consumer_electronics--support_wait_time,Consumer Electronics,retail,support,Users cannot reach useful human support quickly in Consumer Electronics,82,71,83,80,78,"Intent-aware routing, better escalation triggers, and queue transparency."
consumer_electronics--self_service_failure,Consumer Electronics,retail,support,Users try self-service in Consumer Electronics but still end up stuck,78,71,84,79,83,"Resolution-focused knowledge design, step validation, and failure-loop analytics."
consumer_electronics--ai_handoff_gap,Consumer Electronics,retail,support,Users in Consumer Electronics get trapped between AI help and human help,81,78,76,81,89,"Conversation memory, escalation contracts, and bot-to-human state transfer."
consumer_electronics--feedback_void,Consumer Electronics,retail,support,Users report problems in Consumer Electronics but feel nothing changes,70,65,72,71,68,Closed-loop feedback orchestration and action-trace dashboards.
consumer_electronics--privacy_transparency_gap,Consumer Electronics,retail,privacy,Users do not understand how Consumer Electronics uses personal data,75,62,74,73,69,"Plain-language data notices, purpose-level controls, and permission history."
consumer_electronics--onboarding_dropoff,Consumer Electronics,retail,conversion,Users abandon Consumer Electronics onboarding before seeing value,73,65,81,76,76,"Risk-adaptive onboarding, progressive profiling, and abandonment analytics."
consumer_electronics--checkout_abandonment,Consumer Electronics,retail,conversion,Users in Consumer Electronics abandon checkout when trust or cost changes too late,79,72,79,80,74,"Transparent checkout, pre-verified totals, and trust-state messaging."
consumer_electronics--hidden_fees,Consumer Electronics,retail,payments,Users discover hidden or confusing fees in Consumer Electronics too late,77,71,73,76,68,"Price breakdowns, fee explainers, and cost-delta warnings."
consumer_electronics--official_channel_confusion,Consumer Electronics,retail,trust,Users cannot tell which Consumer Electronics channels are official and safe,90,88,75,84,60,"Official-channel registries, signed notifications, and trust-verification UX."
consumer_electronics--knowledge_fragmentation,Consumer Electronics,retail,support,"Users in Consumer Electronics get contradictory answers across help content, AI, and agents",74,63,71,72,81,"Unified knowledge graph, answer verification, and source-aware support systems."
consumer_electronics--identity_proofing_friction,Consumer Electronics,retail,identity,Legitimate users in Consumer Electronics fail identity proofing while fraudsters still slip through,86,75,65,79,71,"Adaptive proofing, low-friction trust signals, and fallback recovery lanes."
auto_retail--imposter_scam,Auto Retail,retail,fraud,Users cannot tell real Auto Retail outreach from imposter scams,99,83,83,88,64,"Trust verification layer, message provenance, and outbound notice registry."
auto_retail--social_media_scam,Auto Retail,retail,fraud,Users get pulled from social feeds into fake Auto Retail offers,96,84,88,88,59,"Link reputation, seller verification, and ad-to-checkout risk scoring."
auto_retail--deepfake_voice_fraud,Auto Retail,retail,fraud,Users are vulnerable to deepfake or voice-clone fraud in Auto Retail,100,90,70,88,52,"Out-of-band verification, secure callback flows, and synthetic-media detection."
auto_retail--phishing_login_flow,Auto Retail,retail,identity,Users are tricked into phishing flows that mimic official Auto Retail login pages,100,94,77,90,57,"Phishing-resistant authentication, origin validation, and login anomaly detection."
auto_retail--job_opportunity_trap,Auto Retail,retail,fraud,Users chasing Auto Retail opportunities fall into fake jobs or business offers,92,89,75,85,61,"Listing verification, recruiter proofing, and payout-safe workflows."
auto_retail--rental_listing_fraud,Auto Retail,retail,fraud,Users searching Auto Retail listings cannot tell fake inventory from real supply,91,76,69,80,56,"Listing authenticity scoring, owner proof, and anti-escrow fraud protections."
auto_retail--investment_scam,Auto Retail,retail,fraud,Users are lured into fake Auto Retail investment or yield schemes,100,88,64,85,49,"Investment verification rails, high-risk claim detection, and suspicious transfer intervention."
auto_retail--seller_trust_gap,Auto Retail,retail,marketplace,Users do not trust whether a Auto Retail seller or provider is real,88,79,81,84,66,"Seller trust graphs, transaction guarantees, and identity-backed reputation."
auto_retail--fake_reviews,Auto Retail,retail,trust,"Users cannot trust reviews, ratings, or testimonials in Auto Retail",82,72,84,80,71,"Review authenticity, verified outcomes, and anomaly-based reputation scoring."
auto_retail--delivery_confusion,Auto Retail,retail,operations,Users struggle to understand real delivery status in Auto Retail,80,72,83,79,75,"Verified status feeds, exception alerts, and unified tracking UX."
auto_retail--refund_delay,Auto Retail,retail,payments,Users cannot predict when Auto Retail refunds will actually arrive,84,70,79,80,77,"Refund timelines, bank-status translation, and self-serve refund intelligence."
auto_retail--billing_confusion,Auto Retail,retail,payments,"Users do not understand Auto Retail charges, renewals, or fee structure",86,73,82,82,79,"Explainable billing, charge provenance, and proactive anomaly notices."
auto_retail--subscription_cancellation,Auto Retail,retail,payments,Users cannot cancel or downgrade Auto Retail subscriptions cleanly,79,69,77,75,72,"Transparent offboarding, downgrade alternatives, and friction analytics."
auto_retail--account_takeover,Auto Retail,retail,identity,Users lose access to Auto Retail accounts through takeover or session theft,99,90,72,89,69,"Session risk scoring, recovery hardening, and impossible-travel style anomaly controls."
auto_retail--password_reset_pain,Auto Retail,retail,identity,Users hit dead ends in Auto Retail password reset and recovery flows,77,72,80,77,74,"Adaptive recovery routing, identity proofing, and state-aware help flows."
auto_retail--otp_mfa_fatigue,Auto Retail,retail,identity,Users in Auto Retail face OTP and MFA fatigue without feeling truly protected,83,69,70,76,67,"Phishing-resistant auth, prompt abuse detection, and human-readable risk cues."
auto_retail--support_wait_time,Auto Retail,retail,support,Users cannot reach useful human support quickly in Auto Retail,85,71,85,82,80,"Intent-aware routing, better escalation triggers, and queue transparency."
auto_retail--self_service_failure,Auto Retail,retail,support,Users try self-service in Auto Retail but still end up stuck,81,71,86,80,86,"Resolution-focused knowledge design, step validation, and failure-loop analytics."
auto_retail--ai_handoff_gap,Auto Retail,retail,support,Users in Auto Retail get trapped between AI help and human help,84,78,78,82,92,"Conversation memory, escalation contracts, and bot-to-human state transfer."
auto_retail--feedback_void,Auto Retail,retail,support,Users report problems in Auto Retail but feel nothing changes,72,65,74,72,70,Closed-loop feedback orchestration and action-trace dashboards.
auto_retail--privacy_transparency_gap,Auto Retail,retail,privacy,Users do not understand how Auto Retail uses personal data,78,62,76,75,71,"Plain-language data notices, purpose-level controls, and permission history."
auto_retail--onboarding_dropoff,Auto Retail,retail,conversion,Users abandon Auto Retail onboarding before seeing value,76,65,83,78,78,"Risk-adaptive onboarding, progressive profiling, and abandonment analytics."
auto_retail--checkout_abandonment,Auto Retail,retail,conversion,Users in Auto Retail abandon checkout when trust or cost changes too late,82,72,81,82,76,"Transparent checkout, pre-verified totals, and trust-state messaging."
auto_retail--hidden_fees,Auto Retail,retail,payments,Users discover hidden or confusing fees in Auto Retail too late,80,71,75,77,70,"Price breakdowns, fee explainers, and cost-delta warnings."
auto_retail--official_channel_confusion,Auto Retail,retail,trust,Users cannot tell which Auto Retail channels are official and safe,93,88,77,86,62,"Official-channel registries, signed notifications, and trust-verification UX."
auto_retail--knowledge_fragmentation,Auto Retail,retail,support,"Users in Auto Retail get contradictory answers across help content, AI, and agents",77,63,73,73,84,"Unified knowledge graph, answer verification, and source-aware support systems."
auto_retail--identity_proofing_friction,Auto Retail,retail,identity,Legitimate users in Auto Retail fail identity proofing while fraudsters still slip through,89,75,67,81,73,"Adaptive proofing, low-friction trust signals, and fallback recovery lanes."
local_retail--imposter_scam,Local Retail,retail,fraud,Users cannot tell real Local Retail outreach from imposter scams,79,83,85,82,60,"Trust verification layer, message provenance, and outbound notice registry."
local_retail--social_media_scam,Local Retail,retail,fraud,Users get pulled from social feeds into fake Local Retail offers,76,84,90,82,55,"Link reputation, seller verification, and ad-to-checkout risk scoring."
local_retail--deepfake_voice_fraud,Local Retail,retail,fraud,Users are vulnerable to deepfake or voice-clone fraud in Local Retail,80,90,72,82,49,"Out-of-band verification, secure callback flows, and synthetic-media detection."
local_retail--phishing_login_flow,Local Retail,retail,identity,Users are tricked into phishing flows that mimic official Local Retail login pages,81,94,79,84,54,"Phishing-resistant authentication, origin validation, and login anomaly detection."
local_retail--job_opportunity_trap,Local Retail,retail,fraud,Users chasing Local Retail opportunities fall into fake jobs or business offers,74,89,77,80,57,"Listing verification, recruiter proofing, and payout-safe workflows."
local_retail--rental_listing_fraud,Local Retail,retail,fraud,Users searching Local Retail listings cannot tell fake inventory from real supply,73,76,71,74,53,"Listing authenticity scoring, owner proof, and anti-escrow fraud protections."
local_retail--investment_scam,Local Retail,retail,fraud,Users are lured into fake Local Retail investment or yield schemes,82,88,66,80,46,"Investment verification rails, high-risk claim detection, and suspicious transfer intervention."
local_retail--seller_trust_gap,Local Retail,retail,marketplace,Users do not trust whether a Local Retail seller or provider is real,71,79,83,78,62,"Seller trust graphs, transaction guarantees, and identity-backed reputation."
local_retail--fake_reviews,Local Retail,retail,trust,"Users cannot trust reviews, ratings, or testimonials in Local Retail",66,72,86,75,67,"Review authenticity, verified outcomes, and anomaly-based reputation scoring."
local_retail--delivery_confusion,Local Retail,retail,operations,Users struggle to understand real delivery status in Local Retail,64,72,85,73,70,"Verified status feeds, exception alerts, and unified tracking UX."
local_retail--refund_delay,Local Retail,retail,payments,Users cannot predict when Local Retail refunds will actually arrive,67,70,81,74,72,"Refund timelines, bank-status translation, and self-serve refund intelligence."
local_retail--billing_confusion,Local Retail,retail,payments,"Users do not understand Local Retail charges, renewals, or fee structure",69,73,84,76,74,"Explainable billing, charge provenance, and proactive anomaly notices."
local_retail--subscription_cancellation,Local Retail,retail,payments,Users cannot cancel or downgrade Local Retail subscriptions cleanly,63,69,80,70,68,"Transparent offboarding, downgrade alternatives, and friction analytics."
local_retail--account_takeover,Local Retail,retail,identity,Users lose access to Local Retail accounts through takeover or session theft,79,90,74,82,65,"Session risk scoring, recovery hardening, and impossible-travel style anomaly controls."
local_retail--password_reset_pain,Local Retail,retail,identity,Users hit dead ends in Local Retail password reset and recovery flows,61,72,82,72,70,"Adaptive recovery routing, identity proofing, and state-aware help flows."
local_retail--otp_mfa_fatigue,Local Retail,retail,identity,Users in Local Retail face OTP and MFA fatigue without feeling truly protected,66,69,72,71,63,"Phishing-resistant auth, prompt abuse detection, and human-readable risk cues."
local_retail--support_wait_time,Local Retail,retail,support,Users cannot reach useful human support quickly in Local Retail,68,71,87,76,75,"Intent-aware routing, better escalation triggers, and queue transparency."
local_retail--self_service_failure,Local Retail,retail,support,Users try self-service in Local Retail but still end up stuck,65,71,88,75,81,"Resolution-focused knowledge design, step validation, and failure-loop analytics."
local_retail--ai_handoff_gap,Local Retail,retail,support,Users in Local Retail get trapped between AI help and human help,67,78,81,77,86,"Conversation memory, escalation contracts, and bot-to-human state transfer."
local_retail--feedback_void,Local Retail,retail,support,Users report problems in Local Retail but feel nothing changes,58,65,76,67,66,Closed-loop feedback orchestration and action-trace dashboards.
local_retail--privacy_transparency_gap,Local Retail,retail,privacy,Users do not understand how Local Retail uses personal data,62,62,78,70,67,"Plain-language data notices, purpose-level controls, and permission history."
local_retail--onboarding_dropoff,Local Retail,retail,conversion,Users abandon Local Retail onboarding before seeing value,60,65,85,73,73,"Risk-adaptive onboarding, progressive profiling, and abandonment analytics."
local_retail--checkout_abandonment,Local Retail,retail,conversion,Users in Local Retail abandon checkout when trust or cost changes too late,66,72,83,77,71,"Transparent checkout, pre-verified totals, and trust-state messaging."
local_retail--hidden_fees,Local Retail,retail,payments,Users discover hidden or confusing fees in Local Retail too late,64,71,77,72,66,"Price breakdowns, fee explainers, and cost-delta warnings."
local_retail--official_channel_confusion,Local Retail,retail,trust,Users cannot tell which Local Retail channels are official and safe,75,88,80,80,58,"Official-channel registries, signed notifications, and trust-verification UX."
local_retail--knowledge_fragmentation,Local Retail,retail,support,"Users in Local Retail get contradictory answers across help content, AI, and agents",61,63,75,68,79,"Unified knowledge graph, answer verification, and source-aware support systems."
local_retail--identity_proofing_friction,Local Retail,retail,identity,Legitimate users in Local Retail fail identity proofing while fraudsters still slip through,71,75,69,75,69,"Adaptive proofing, low-friction trust signals, and fallback recovery lanes."
nonprofit--imposter_scam,Nonprofit Giving,civic,fraud,Users cannot tell real Nonprofit Giving outreach from imposter scams,82,83,88,84,62,"Trust verification layer, message provenance, and outbound notice registry."
nonprofit--social_media_scam,Nonprofit Giving,civic,fraud,Users get pulled from social feeds into fake Nonprofit Giving offers,80,84,93,84,57,"Link reputation, seller verification, and ad-to-checkout risk scoring."
nonprofit--deepfake_voice_fraud,Nonprofit Giving,civic,fraud,Users are vulnerable to deepfake or voice-clone fraud in Nonprofit Giving,83,90,74,84,50,"Out-of-band verification, secure callback flows, and synthetic-media detection."
nonprofit--phishing_login_flow,Nonprofit Giving,civic,identity,Users are tricked into phishing flows that mimic official Nonprofit Giving login pages,84,94,81,86,55,"Phishing-resistant authentication, origin validation, and login anomaly detection."
nonprofit--job_opportunity_trap,Nonprofit Giving,civic,fraud,Users chasing Nonprofit Giving opportunities fall into fake jobs or business offers,77,89,79,81,59,"Listing verification, recruiter proofing, and payout-safe workflows."
nonprofit--rental_listing_fraud,Nonprofit Giving,civic,fraud,Users searching Nonprofit Giving listings cannot tell fake inventory from real supply,76,76,73,76,54,"Listing authenticity scoring, owner proof, and anti-escrow fraud protections."
nonprofit--investment_scam,Nonprofit Giving,civic,fraud,Users are lured into fake Nonprofit Giving investment or yield schemes,86,88,68,81,48,"Investment verification rails, high-risk claim detection, and suspicious transfer intervention."
nonprofit--seller_trust_gap,Nonprofit Giving,civic,marketplace,Users do not trust whether a Nonprofit Giving seller or provider is real,74,79,86,80,64,"Seller trust graphs, transaction guarantees, and identity-backed reputation."
nonprofit--fake_reviews,Nonprofit Giving,civic,trust,"Users cannot trust reviews, ratings, or testimonials in Nonprofit Giving",68,72,89,76,69,"Review authenticity, verified outcomes, and anomaly-based reputation scoring."
nonprofit--delivery_confusion,Nonprofit Giving,civic,operations,Users struggle to understand real delivery status in Nonprofit Giving,66,72,88,75,73,"Verified status feeds, exception alerts, and unified tracking UX."
nonprofit--refund_delay,Nonprofit Giving,civic,payments,Users cannot predict when Nonprofit Giving refunds will actually arrive,70,70,84,76,75,"Refund timelines, bank-status translation, and self-serve refund intelligence."
nonprofit--billing_confusion,Nonprofit Giving,civic,payments,"Users do not understand Nonprofit Giving charges, renewals, or fee structure",72,73,87,78,77,"Explainable billing, charge provenance, and proactive anomaly notices."
nonprofit--subscription_cancellation,Nonprofit Giving,civic,payments,Users cannot cancel or downgrade Nonprofit Giving subscriptions cleanly,66,69,82,72,70,"Transparent offboarding, downgrade alternatives, and friction analytics."
nonprofit--account_takeover,Nonprofit Giving,civic,identity,Users lose access to Nonprofit Giving accounts through takeover or session theft,82,90,76,84,67,"Session risk scoring, recovery hardening, and impossible-travel style anomaly controls."
nonprofit--password_reset_pain,Nonprofit Giving,civic,identity,Users hit dead ends in Nonprofit Giving password reset and recovery flows,64,72,85,74,72,"Adaptive recovery routing, identity proofing, and state-aware help flows."
nonprofit--otp_mfa_fatigue,Nonprofit Giving,civic,identity,Users in Nonprofit Giving face OTP and MFA fatigue without feeling truly protected,69,69,74,72,65,"Phishing-resistant auth, prompt abuse detection, and human-readable risk cues."
nonprofit--support_wait_time,Nonprofit Giving,civic,support,Users cannot reach useful human support quickly in Nonprofit Giving,71,71,90,78,78,"Intent-aware routing, better escalation triggers, and queue transparency."
nonprofit--self_service_failure,Nonprofit Giving,civic,support,Users try self-service in Nonprofit Giving but still end up stuck,67,71,91,77,83,"Resolution-focused knowledge design, step validation, and failure-loop analytics."
nonprofit--ai_handoff_gap,Nonprofit Giving,civic,support,Users in Nonprofit Giving get trapped between AI help and human help,70,78,83,78,89,"Conversation memory, escalation contracts, and bot-to-human state transfer."
nonprofit--feedback_void,Nonprofit Giving,civic,support,Users report problems in Nonprofit Giving but feel nothing changes,60,65,78,68,68,Closed-loop feedback orchestration and action-trace dashboards.
nonprofit--privacy_transparency_gap,Nonprofit Giving,civic,privacy,Users do not understand how Nonprofit Giving uses personal data,65,62,80,71,69,"Plain-language data notices, purpose-level controls, and permission history."
nonprofit--onboarding_dropoff,Nonprofit Giving,civic,conversion,Users abandon Nonprofit Giving onboarding before seeing value,63,65,88,74,76,"Risk-adaptive onboarding, progressive profiling, and abandonment analytics."
nonprofit--checkout_abandonment,Nonprofit Giving,civic,conversion,Users in Nonprofit Giving abandon checkout when trust or cost changes too late,68,72,86,78,74,"Transparent checkout, pre-verified totals, and trust-state messaging."
nonprofit--hidden_fees,Nonprofit Giving,civic,payments,Users discover hidden or confusing fees in Nonprofit Giving too late,66,71,79,73,68,"Price breakdowns, fee explainers, and cost-delta warnings."
nonprofit--official_channel_confusion,Nonprofit Giving,civic,trust,Users cannot tell which Nonprofit Giving channels are official and safe,78,88,82,82,60,"Official-channel registries, signed notifications, and trust-verification UX."
nonprofit--knowledge_fragmentation,Nonprofit Giving,civic,support,"Users in Nonprofit Giving get contradictory answers across help content, AI, and agents",64,63,77,70,81,"Unified knowledge graph, answer verification, and source-aware support systems."
nonprofit--identity_proofing_friction,Nonprofit Giving,civic,identity,Legitimate users in Nonprofit Giving fail identity proofing while fraudsters still slip through,74,75,71,76,71,"Adaptive proofing, low-friction trust signals, and fallback recovery lanes."
pet_services--imposter_scam,Pet Services,lifestyle,fraud,Users cannot tell real Pet Services outreach from imposter scams,86,83,81,84,64,"Trust verification layer, message provenance, and outbound notice registry."
pet_services--social_media_scam,Pet Services,lifestyle,fraud,Users get pulled from social feeds into fake Pet Services offers,83,84,86,84,59,"Link reputation, seller verification, and ad-to-checkout risk scoring."
pet_services--deepfake_voice_fraud,Pet Services,lifestyle,fraud,Users are vulnerable to deepfake or voice-clone fraud in Pet Services,86,90,68,83,52,"Out-of-band verification, secure callback flows, and synthetic-media detection."
pet_services--phishing_login_flow,Pet Services,lifestyle,identity,Users are tricked into phishing flows that mimic official Pet Services login pages,87,94,75,86,57,"Phishing-resistant authentication, origin validation, and login anomaly detection."
pet_services--job_opportunity_trap,Pet Services,lifestyle,fraud,Users chasing Pet Services opportunities fall into fake jobs or business offers,80,89,73,81,61,"Listing verification, recruiter proofing, and payout-safe workflows."
pet_services--rental_listing_fraud,Pet Services,lifestyle,fraud,Users searching Pet Services listings cannot tell fake inventory from real supply,79,76,67,76,56,"Listing authenticity scoring, owner proof, and anti-escrow fraud protections."
pet_services--investment_scam,Pet Services,lifestyle,fraud,Users are lured into fake Pet Services investment or yield schemes,89,88,63,82,49,"Investment verification rails, high-risk claim detection, and suspicious transfer intervention."
pet_services--seller_trust_gap,Pet Services,lifestyle,marketplace,Users do not trust whether a Pet Services seller or provider is real,76,79,79,79,66,"Seller trust graphs, transaction guarantees, and identity-backed reputation."
pet_services--fake_reviews,Pet Services,lifestyle,trust,"Users cannot trust reviews, ratings, or testimonials in Pet Services",71,72,82,76,71,"Review authenticity, verified outcomes, and anomaly-based reputation scoring."
pet_services--delivery_confusion,Pet Services,lifestyle,operations,Users struggle to understand real delivery status in Pet Services,69,72,81,74,75,"Verified status feeds, exception alerts, and unified tracking UX."
pet_services--refund_delay,Pet Services,lifestyle,payments,Users cannot predict when Pet Services refunds will actually arrive,73,70,77,75,77,"Refund timelines, bank-status translation, and self-serve refund intelligence."
pet_services--billing_confusion,Pet Services,lifestyle,payments,"Users do not understand Pet Services charges, renewals, or fee structure",75,73,80,78,79,"Explainable billing, charge provenance, and proactive anomaly notices."
pet_services--subscription_cancellation,Pet Services,lifestyle,payments,Users cannot cancel or downgrade Pet Services subscriptions cleanly,68,69,75,71,72,"Transparent offboarding, downgrade alternatives, and friction analytics."
pet_services--account_takeover,Pet Services,lifestyle,identity,Users lose access to Pet Services accounts through takeover or session theft,86,90,70,84,69,"Session risk scoring, recovery hardening, and impossible-travel style anomaly controls."
pet_services--password_reset_pain,Pet Services,lifestyle,identity,Users hit dead ends in Pet Services password reset and recovery flows,66,72,78,73,74,"Adaptive recovery routing, identity proofing, and state-aware help flows."
pet_services--otp_mfa_fatigue,Pet Services,lifestyle,identity,Users in Pet Services face OTP and MFA fatigue without feeling truly protected,72,69,68,72,67,"Phishing-resistant auth, prompt abuse detection, and human-readable risk cues."
pet_services--support_wait_time,Pet Services,lifestyle,support,Users cannot reach useful human support quickly in Pet Services,74,71,83,78,80,"Intent-aware routing, better escalation triggers, and queue transparency."
pet_services--self_service_failure,Pet Services,lifestyle,support,Users try self-service in Pet Services but still end up stuck,70,71,84,76,86,"Resolution-focused knowledge design, step validation, and failure-loop analytics."
pet_services--ai_handoff_gap,Pet Services,lifestyle,support,Users in Pet Services get trapped between AI help and human help,73,78,76,78,92,"Conversation memory, escalation contracts, and bot-to-human state transfer."
pet_services--feedback_void,Pet Services,lifestyle,support,Users report problems in Pet Services but feel nothing changes,63,65,72,68,70,Closed-loop feedback orchestration and action-trace dashboards.
pet_services--privacy_transparency_gap,Pet Services,lifestyle,privacy,Users do not understand how Pet Services uses personal data,67,62,74,71,71,"Plain-language data notices, purpose-level controls, and permission history."
pet_services--onboarding_dropoff,Pet Services,lifestyle,conversion,Users abandon Pet Services onboarding before seeing value,66,65,81,74,78,"Risk-adaptive onboarding, progressive profiling, and abandonment analytics."
pet_services--checkout_abandonment,Pet Services,lifestyle,conversion,Users in Pet Services abandon checkout when trust or cost changes too late,71,72,79,77,76,"Transparent checkout, pre-verified totals, and trust-state messaging."
pet_services--hidden_fees,Pet Services,lifestyle,payments,Users discover hidden or confusing fees in Pet Services too late,69,71,73,73,70,"Price breakdowns, fee explainers, and cost-delta warnings."
pet_services--official_channel_confusion,Pet Services,lifestyle,trust,Users cannot tell which Pet Services channels are official and safe,81,88,75,81,62,"Official-channel registries, signed notifications, and trust-verification UX."
pet_services--knowledge_fragmentation,Pet Services,lifestyle,support,"Users in Pet Services get contradictory answers across help content, AI, and agents",66,63,71,69,84,"Unified knowledge graph, answer verification, and source-aware support systems."
pet_services--identity_proofing_friction,Pet Services,lifestyle,identity,Legitimate users in Pet Services fail identity proofing while fraudsters still slip through,77,75,65,76,73,"Adaptive proofing, low-friction trust signals, and fallback recovery lanes."
childcare--imposter_scam,Childcare Services,lifestyle,fraud,Users cannot tell real Childcare Services outreach from imposter scams,89,83,83,85,60,"Trust verification layer, message provenance, and outbound notice registry."
childcare--social_media_scam,Childcare Services,lifestyle,fraud,Users get pulled from social feeds into fake Childcare Services offers,86,84,88,85,55,"Link reputation, seller verification, and ad-to-checkout risk scoring."
childcare--deepfake_voice_fraud,Childcare Services,lifestyle,fraud,Users are vulnerable to deepfake or voice-clone fraud in Childcare Services,90,90,70,85,49,"Out-of-band verification, secure callback flows, and synthetic-media detection."
childcare--phishing_login_flow,Childcare Services,lifestyle,identity,Users are tricked into phishing flows that mimic official Childcare Services login pages,91,94,77,87,54,"Phishing-resistant authentication, origin validation, and login anomaly detection."
childcare--job_opportunity_trap,Childcare Services,lifestyle,fraud,Users chasing Childcare Services opportunities fall into fake jobs or business offers,83,89,75,82,57,"Listing verification, recruiter proofing, and payout-safe workflows."
childcare--rental_listing_fraud,Childcare Services,lifestyle,fraud,Users searching Childcare Services listings cannot tell fake inventory from real supply,82,76,69,77,53,"Listing authenticity scoring, owner proof, and anti-escrow fraud protections."
childcare--investment_scam,Childcare Services,lifestyle,fraud,Users are lured into fake Childcare Services investment or yield schemes,93,88,64,83,46,"Investment verification rails, high-risk claim detection, and suspicious transfer intervention."
childcare--seller_trust_gap,Childcare Services,lifestyle,marketplace,Users do not trust whether a Childcare Services seller or provider is real,79,79,81,81,62,"Seller trust graphs, transaction guarantees, and identity-backed reputation."
childcare--fake_reviews,Childcare Services,lifestyle,trust,"Users cannot trust reviews, ratings, or testimonials in Childcare Services",74,72,84,77,67,"Review authenticity, verified outcomes, and anomaly-based reputation scoring."
childcare--delivery_confusion,Childcare Services,lifestyle,operations,Users struggle to understand real delivery status in Childcare Services,72,72,83,76,70,"Verified status feeds, exception alerts, and unified tracking UX."
childcare--refund_delay,Childcare Services,lifestyle,payments,Users cannot predict when Childcare Services refunds will actually arrive,76,70,79,77,72,"Refund timelines, bank-status translation, and self-serve refund intelligence."
childcare--billing_confusion,Childcare Services,lifestyle,payments,"Users do not understand Childcare Services charges, renewals, or fee structure",77,73,82,79,74,"Explainable billing, charge provenance, and proactive anomaly notices."
childcare--subscription_cancellation,Childcare Services,lifestyle,payments,Users cannot cancel or downgrade Childcare Services subscriptions cleanly,71,69,77,72,68,"Transparent offboarding, downgrade alternatives, and friction analytics."
childcare--account_takeover,Childcare Services,lifestyle,identity,Users lose access to Childcare Services accounts through takeover or session theft,89,90,72,85,65,"Session risk scoring, recovery hardening, and impossible-travel style anomaly controls."
childcare--password_reset_pain,Childcare Services,lifestyle,identity,Users hit dead ends in Childcare Services password reset and recovery flows,69,72,80,75,70,"Adaptive recovery routing, identity proofing, and state-aware help flows."
childcare--otp_mfa_fatigue,Childcare Services,lifestyle,identity,Users in Childcare Services face OTP and MFA fatigue without feeling truly protected,75,69,70,73,63,"Phishing-resistant auth, prompt abuse detection, and human-readable risk cues."
childcare--support_wait_time,Childcare Services,lifestyle,support,Users cannot reach useful human support quickly in Childcare Services,77,71,85,79,75,"Intent-aware routing, better escalation triggers, and queue transparency."
childcare--self_service_failure,Childcare Services,lifestyle,support,Users try self-service in Childcare Services but still end up stuck,73,71,86,78,81,"Resolution-focused knowledge design, step validation, and failure-loop analytics."
childcare--ai_handoff_gap,Childcare Services,lifestyle,support,Users in Childcare Services get trapped between AI help and human help,76,78,78,79,86,"Conversation memory, escalation contracts, and bot-to-human state transfer."
childcare--feedback_void,Childcare Services,lifestyle,support,Users report problems in Childcare Services but feel nothing changes,65,65,74,69,66,Closed-loop feedback orchestration and action-trace dashboards.
childcare--privacy_transparency_gap,Childcare Services,lifestyle,privacy,Users do not understand how Childcare Services uses personal data,70,62,76,72,67,"Plain-language data notices, purpose-level controls, and permission history."
childcare--onboarding_dropoff,Childcare Services,lifestyle,conversion,Users abandon Childcare Services onboarding before seeing value,68,65,83,75,73,"Risk-adaptive onboarding, progressive profiling, and abandonment analytics."
childcare--checkout_abandonment,Childcare Services,lifestyle,conversion,Users in Childcare Services abandon checkout when trust or cost changes too late,74,72,81,79,71,"Transparent checkout, pre-verified totals, and trust-state messaging."
childcare--hidden_fees,Childcare Services,lifestyle,payments,Users discover hidden or confusing fees in Childcare Services too late,72,71,75,74,66,"Price breakdowns, fee explainers, and cost-delta warnings."
childcare--official_channel_confusion,Childcare Services,lifestyle,trust,Users cannot tell which Childcare Services channels are official and safe,84,88,77,83,58,"Official-channel registries, signed notifications, and trust-verification UX."
childcare--knowledge_fragmentation,Childcare Services,lifestyle,support,"Users in Childcare Services get contradictory answers across help content, AI, and agents",69,63,73,71,79,"Unified knowledge graph, answer verification, and source-aware support systems."
childcare--identity_proofing_friction,Childcare Services,lifestyle,identity,Legitimate users in Childcare Services fail identity proofing while fraudsters still slip through,80,75,67,78,69,"Adaptive proofing, low-friction trust signals, and fallback recovery lanes."
procurement--imposter_scam,B2B Procurement,enterprise,fraud,Users cannot tell real B2B Procurement outreach from imposter scams,92,83,85,86,62,"Trust verification layer, message provenance, and outbound notice registry."
procurement--social_media_scam,B2B Procurement,enterprise,fraud,Users get pulled from social feeds into fake B2B Procurement offers,89,84,90,86,57,"Link reputation, seller verification, and ad-to-checkout risk scoring."
procurement--deepfake_voice_fraud,B2B Procurement,enterprise,fraud,Users are vulnerable to deepfake or voice-clone fraud in B2B Procurement,93,90,72,86,50,"Out-of-band verification, secure callback flows, and synthetic-media detection."
procurement--phishing_login_flow,B2B Procurement,enterprise,identity,Users are tricked into phishing flows that mimic official B2B Procurement login pages,94,94,79,89,55,"Phishing-resistant authentication, origin validation, and login anomaly detection."
procurement--job_opportunity_trap,B2B Procurement,enterprise,fraud,Users chasing B2B Procurement opportunities fall into fake jobs or business offers,86,89,77,84,59,"Listing verification, recruiter proofing, and payout-safe workflows."
procurement--rental_listing_fraud,B2B Procurement,enterprise,fraud,Users searching B2B Procurement listings cannot tell fake inventory from real supply,85,76,71,79,54,"Listing authenticity scoring, owner proof, and anti-escrow fraud protections."
procurement--investment_scam,B2B Procurement,enterprise,fraud,Users are lured into fake B2B Procurement investment or yield schemes,96,88,66,84,48,"Investment verification rails, high-risk claim detection, and suspicious transfer intervention."
procurement--seller_trust_gap,B2B Procurement,enterprise,marketplace,Users do not trust whether a B2B Procurement seller or provider is real,82,79,83,82,64,"Seller trust graphs, transaction guarantees, and identity-backed reputation."
procurement--fake_reviews,B2B Procurement,enterprise,trust,"Users cannot trust reviews, ratings, or testimonials in B2B Procurement",76,72,86,78,69,"Review authenticity, verified outcomes, and anomaly-based reputation scoring."
procurement--delivery_confusion,B2B Procurement,enterprise,operations,Users struggle to understand real delivery status in B2B Procurement,74,72,85,77,73,"Verified status feeds, exception alerts, and unified tracking UX."
procurement--refund_delay,B2B Procurement,enterprise,payments,Users cannot predict when B2B Procurement refunds will actually arrive,78,70,81,78,75,"Refund timelines, bank-status translation, and self-serve refund intelligence."
procurement--billing_confusion,B2B Procurement,enterprise,payments,"Users do not understand B2B Procurement charges, renewals, or fee structure",80,73,84,80,77,"Explainable billing, charge provenance, and proactive anomaly notices."
procurement--subscription_cancellation,B2B Procurement,enterprise,payments,Users cannot cancel or downgrade B2B Procurement subscriptions cleanly,74,69,80,74,70,"Transparent offboarding, downgrade alternatives, and friction analytics."
procurement--account_takeover,B2B Procurement,enterprise,identity,Users lose access to B2B Procurement accounts through takeover or session theft,92,90,74,87,67,"Session risk scoring, recovery hardening, and impossible-travel style anomaly controls."
procurement--password_reset_pain,B2B Procurement,enterprise,identity,Users hit dead ends in B2B Procurement password reset and recovery flows,72,72,82,76,72,"Adaptive recovery routing, identity proofing, and state-aware help flows."
procurement--otp_mfa_fatigue,B2B Procurement,enterprise,identity,Users in B2B Procurement face OTP and MFA fatigue without feeling truly protected,77,69,72,74,65,"Phishing-resistant auth, prompt abuse detection, and human-readable risk cues."
procurement--support_wait_time,B2B Procurement,enterprise,support,Users cannot reach useful human support quickly in B2B Procurement,79,71,87,80,78,"Intent-aware routing, better escalation triggers, and queue transparency."
procurement--self_service_failure,B2B Procurement,enterprise,support,Users try self-service in B2B Procurement but still end up stuck,75,71,88,79,83,"Resolution-focused knowledge design, step validation, and failure-loop analytics."
procurement--ai_handoff_gap,B2B Procurement,enterprise,support,Users in B2B Procurement get trapped between AI help and human help,78,78,81,81,89,"Conversation memory, escalation contracts, and bot-to-human state transfer."
procurement--feedback_void,B2B Procurement,enterprise,support,Users report problems in B2B Procurement but feel nothing changes,68,65,76,71,68,Closed-loop feedback orchestration and action-trace dashboards.
procurement--privacy_transparency_gap,B2B Procurement,enterprise,privacy,Users do not understand how B2B Procurement uses personal data,73,62,78,74,69,"Plain-language data notices, purpose-level controls, and permission history."
procurement--onboarding_dropoff,B2B Procurement,enterprise,conversion,Users abandon B2B Procurement onboarding before seeing value,71,65,85,76,76,"Risk-adaptive onboarding, progressive profiling, and abandonment analytics."
procurement--checkout_abandonment,B2B Procurement,enterprise,conversion,Users in B2B Procurement abandon checkout when trust or cost changes too late,76,72,83,80,74,"Transparent checkout, pre-verified totals, and trust-state messaging."
procurement--hidden_fees,B2B Procurement,enterprise,payments,Users discover hidden or confusing fees in B2B Procurement too late,74,71,77,76,68,"Price breakdowns, fee explainers, and cost-delta warnings."
procurement--official_channel_confusion,B2B Procurement,enterprise,trust,Users cannot tell which B2B Procurement channels are official and safe,87,88,80,84,60,"Official-channel registries, signed notifications, and trust-verification UX."
procurement--knowledge_fragmentation,B2B Procurement,enterprise,support,"Users in B2B Procurement get contradictory answers across help content, AI, and agents",72,63,75,72,81,"Unified knowledge graph, answer verification, and source-aware support systems."
procurement--identity_proofing_friction,B2B Procurement,enterprise,identity,Legitimate users in B2B Procurement fail identity proofing while fraudsters still slip through,83,75,69,79,71,"Adaptive proofing, low-friction trust signals, and fallback recovery lanes."
cybersecurity--imposter_scam,Cybersecurity Vendor,enterprise,fraud,Users cannot tell real Cybersecurity Vendor outreach from imposter scams,95,83,88,88,64,"Trust verification layer, message provenance, and outbound notice registry."
cybersecurity--social_media_scam,Cybersecurity Vendor,enterprise,fraud,Users get pulled from social feeds into fake Cybersecurity Vendor offers,92,84,93,88,59,"Link reputation, seller verification, and ad-to-checkout risk scoring."
cybersecurity--deepfake_voice_fraud,Cybersecurity Vendor,enterprise,fraud,Users are vulnerable to deepfake or voice-clone fraud in Cybersecurity Vendor,96,90,74,88,52,"Out-of-band verification, secure callback flows, and synthetic-media detection."
cybersecurity--phishing_login_flow,Cybersecurity Vendor,enterprise,identity,Users are tricked into phishing flows that mimic official Cybersecurity Vendor login pages,97,94,81,90,57,"Phishing-resistant authentication, origin validation, and login anomaly detection."
cybersecurity--job_opportunity_trap,Cybersecurity Vendor,enterprise,fraud,Users chasing Cybersecurity Vendor opportunities fall into fake jobs or business offers,89,89,79,85,61,"Listing verification, recruiter proofing, and payout-safe workflows."
cybersecurity--rental_listing_fraud,Cybersecurity Vendor,enterprise,fraud,Users searching Cybersecurity Vendor listings cannot tell fake inventory from real supply,88,76,73,80,56,"Listing authenticity scoring, owner proof, and anti-escrow fraud protections."
cybersecurity--investment_scam,Cybersecurity Vendor,enterprise,fraud,Users are lured into fake Cybersecurity Vendor investment or yield schemes,99,88,68,86,49,"Investment verification rails, high-risk claim detection, and suspicious transfer intervention."
cybersecurity--seller_trust_gap,Cybersecurity Vendor,enterprise,marketplace,Users do not trust whether a Cybersecurity Vendor seller or provider is real,85,79,86,84,66,"Seller trust graphs, transaction guarantees, and identity-backed reputation."
cybersecurity--fake_reviews,Cybersecurity Vendor,enterprise,trust,"Users cannot trust reviews, ratings, or testimonials in Cybersecurity Vendor",79,72,89,80,71,"Review authenticity, verified outcomes, and anomaly-based reputation scoring."
cybersecurity--delivery_confusion,Cybersecurity Vendor,enterprise,operations,Users struggle to understand real delivery status in Cybersecurity Vendor,77,72,88,79,75,"Verified status feeds, exception alerts, and unified tracking UX."
cybersecurity--refund_delay,Cybersecurity Vendor,enterprise,payments,Users cannot predict when Cybersecurity Vendor refunds will actually arrive,81,70,84,80,77,"Refund timelines, bank-status translation, and self-serve refund intelligence."
cybersecurity--billing_confusion,Cybersecurity Vendor,enterprise,payments,"Users do not understand Cybersecurity Vendor charges, renewals, or fee structure",83,73,87,82,79,"Explainable billing, charge provenance, and proactive anomaly notices."
cybersecurity--subscription_cancellation,Cybersecurity Vendor,enterprise,payments,Users cannot cancel or downgrade Cybersecurity Vendor subscriptions cleanly,76,69,82,75,72,"Transparent offboarding, downgrade alternatives, and friction analytics."
cybersecurity--account_takeover,Cybersecurity Vendor,enterprise,identity,Users lose access to Cybersecurity Vendor accounts through takeover or session theft,95,90,76,88,69,"Session risk scoring, recovery hardening, and impossible-travel style anomaly controls."
cybersecurity--password_reset_pain,Cybersecurity Vendor,enterprise,identity,Users hit dead ends in Cybersecurity Vendor password reset and recovery flows,74,72,85,77,74,"Adaptive recovery routing, identity proofing, and state-aware help flows."
cybersecurity--otp_mfa_fatigue,Cybersecurity Vendor,enterprise,identity,Users in Cybersecurity Vendor face OTP and MFA fatigue without feeling truly protected,80,69,74,76,67,"Phishing-resistant auth, prompt abuse detection, and human-readable risk cues."
cybersecurity--support_wait_time,Cybersecurity Vendor,enterprise,support,Users cannot reach useful human support quickly in Cybersecurity Vendor,82,71,90,82,80,"Intent-aware routing, better escalation triggers, and queue transparency."
cybersecurity--self_service_failure,Cybersecurity Vendor,enterprise,support,Users try self-service in Cybersecurity Vendor but still end up stuck,78,71,91,80,86,"Resolution-focused knowledge design, step validation, and failure-loop analytics."
cybersecurity--ai_handoff_gap,Cybersecurity Vendor,enterprise,support,Users in Cybersecurity Vendor get trapped between AI help and human help,81,78,83,82,92,"Conversation memory, escalation contracts, and bot-to-human state transfer."
cybersecurity--feedback_void,Cybersecurity Vendor,enterprise,support,Users report problems in Cybersecurity Vendor but feel nothing changes,70,65,78,72,70,Closed-loop feedback orchestration and action-trace dashboards.
cybersecurity--privacy_transparency_gap,Cybersecurity Vendor,enterprise,privacy,Users do not understand how Cybersecurity Vendor uses personal data,75,62,80,75,71,"Plain-language data notices, purpose-level controls, and permission history."
cybersecurity--onboarding_dropoff,Cybersecurity Vendor,enterprise,conversion,Users abandon Cybersecurity Vendor onboarding before seeing value,73,65,88,78,78,"Risk-adaptive onboarding, progressive profiling, and abandonment analytics."
cybersecurity--checkout_abandonment,Cybersecurity Vendor,enterprise,conversion,Users in Cybersecurity Vendor abandon checkout when trust or cost changes too late,79,72,86,82,76,"Transparent checkout, pre-verified totals, and trust-state messaging."
cybersecurity--hidden_fees,Cybersecurity Vendor,enterprise,payments,Users discover hidden or confusing fees in Cybersecurity Vendor too late,77,71,79,77,70,"Price breakdowns, fee explainers, and cost-delta warnings."
cybersecurity--official_channel_confusion,Cybersecurity Vendor,enterprise,trust,Users cannot tell which Cybersecurity Vendor channels are official and safe,90,88,82,86,62,"Official-channel registries, signed notifications, and trust-verification UX."
cybersecurity--knowledge_fragmentation,Cybersecurity Vendor,enterprise,support,"Users in Cybersecurity Vendor get contradictory answers across help content, AI, and agents",74,63,77,73,84,"Unified knowledge graph, answer verification, and source-aware support systems."
cybersecurity--identity_proofing_friction,Cybersecurity Vendor,enterprise,identity,Legitimate users in Cybersecurity Vendor fail identity proofing while fraudsters still slip through,86,75,71,80,73,"Adaptive proofing, low-friction trust signals, and fallback recovery lanes."
